NZ_CP042858.1	ARO:3003923	oqxB	98.446	3153	49	0	1170169	1173321	3153	1	0.0	5552
NZ_CP042858.1	ARO:3005059	LptD	99.617	2349	9	0	4399026	4401374	1	2349	0.0	4289
NZ_CP042858.1	ARO:3005047	eptB	99.710	1725	5	0	229201	230925	1	1725	0.0	3158
NZ_CP042858.1	ARO:3005053	ArnT	99.577	1656	7	0	309626	311281	1	1656	0.0	3020
NZ_CP042858.1	ARO:3007682	MdtQ	99.653	1440	5	0	1643257	1644696	1	1440	0.0	2632
NZ_CP042858.1	ARO:3003839	Mrx	100.000	1239	0	0	4619188	4620426	1	1239	0.0	2289
NZ_CP042858.1	ARO:3003839	Mrx	100.000	1239	0	0	4637645	4638883	1	1239	0.0	2289
NZ_CP042858.1	ARO:3003839	Mrx	99.919	1240	0	1	4862827	4864066	1	1239	0.0	2283
NZ_CP042858.1	ARO:3003839	Mrx	99.919	1239	0	1	4841371	4842608	1	1239	0.0	2281
NZ_CP042858.1	ARO:3002705	floR	99.918	1215	1	0	5006081	5007295	1215	1	0.0	2239
NZ_CP042858.1	ARO:3002705	floR	99.753	1215	3	0	4536802	4538016	1215	1	0.0	2228
NZ_CP042858.1	ARO:3000167	tet(C)	99.748	1191	3	0	4558081	4559271	1	1191	0.0	2183
NZ_CP042858.1	ARO:3000361	EreA	98.690	1221	16	0	4512956	4514176	1221	1	0.0	2167
NZ_CP042858.1	ARO:3004588	Kpne_KpnG	99.233	1173	9	0	1128274	1129446	1173	1	0.0	2117
NZ_CP042858.1	ARO:3003922	oqxA	99.150	1176	10	0	1173345	1174520	1176	1	0.0	2117
NZ_CP042858.1	ARO:3005044	OmpA	99.911	1125	1	0	3279237	3280361	1	1125	0.0	2073
NZ_CP042858.1	ARO:3004041	Kpne_acrA	97.828	1197	23	2	3978073	3979266	1	1197	0.0	2063
NZ_CP042858.1	ARO:3002812	pp-flo	98.760	1129	7	5	5006169	5007295	1124	1	0.0	2001
NZ_CP042858.1	ARO:3002812	pp-flo	98.583	1129	9	5	4536890	4538016	1124	1	0.0	1989
NZ_CP042858.1	ARO:3002655	APH(4)-Ia	100.000	1026	0	0	4527612	4528637	1	1026	0.0	1895
NZ_CP042858.1	ARO:3002826	EreA2	94.540	1227	61	2	4512956	4514176	1227	1	0.0	1890
NZ_CP042858.1	ARO:3000316	mphA	100.000	906	0	0	4618286	4619191	1	906	0.0	1674
NZ_CP042858.1	ARO:3000316	mphA	100.000	906	0	0	4636743	4637648	1	906	0.0	1674
NZ_CP042858.1	ARO:3000316	mphA	100.000	906	0	0	4840469	4841374	1	906	0.0	1674
NZ_CP042858.1	ARO:3000316	mphA	99.451	911	0	5	4861920	4862830	1	906	0.0	1650
NZ_CP042858.1	ARO:3001926	CTX-M-65	100.000	876	0	0	4547007	4547882	1	876	0.0	1618
NZ_CP042858.1	ARO:3002006	CTX-M-148	99.886	876	1	0	4547007	4547882	1	876	0.0	1613
NZ_CP042858.1	ARO:3001950	CTX-M-90	99.886	876	1	0	4547007	4547882	1	876	0.0	1613
NZ_CP042858.1	ARO:3001886	CTX-M-24	99.886	876	1	0	4547007	4547882	1	876	0.0	1613
NZ_CP042858.1	ARO:3005619	CTX-M-196	99.772	876	2	0	4547007	4547882	1	876	0.0	1607
NZ_CP042858.1	ARO:3001958	CTX-M-99	99.772	876	2	0	4547007	4547882	1	876	0.0	1607
NZ_CP042858.1	ARO:3001877	CTX-M-14	99.772	876	2	0	4547007	4547882	1	876	0.0	1607
NZ_CP042858.1	ARO:3001947	CTX-M-87	99.772	876	2	0	4547007	4547882	1	876	0.0	1607
NZ_CP042858.1	ARO:3001957	CTX-M-98	99.772	876	2	0	4547007	4547882	1	876	0.0	1607
NZ_CP042858.1	ARO:3001981	CTX-M-122	99.772	876	2	0	4547007	4547882	1	876	0.0	1607
NZ_CP042858.1	ARO:3002005	CTX-M-147	99.772	876	2	0	4547007	4547882	1	876	0.0	1607
NZ_CP042858.1	ARO:3001984	CTX-M-125	99.772	876	2	0	4547007	4547882	1	876	0.0	1607
NZ_CP042858.1	ARO:3005658	CTX-M-235	99.658	876	3	0	4547007	4547882	1	876	0.0	1602
NZ_CP042858.1	ARO:3005638	CTX-M-215	99.658	876	3	0	4547007	4547882	1	876	0.0	1602
NZ_CP042858.1	ARO:3005624	CTX-M-201	99.658	876	3	0	4547007	4547882	1	876	0.0	1602
NZ_CP042858.1	ARO:3005621	CTX-M-198	99.658	876	3	0	4547007	4547882	1	876	0.0	1602
NZ_CP042858.1	ARO:3005614	CTX-M-191	99.658	876	3	0	4547007	4547882	1	876	0.0	1602
NZ_CP042858.1	ARO:3005591	CTX-M-168	99.658	876	3	0	4547007	4547882	1	876	0.0	1602
NZ_CP042858.1	ARO:3001998	CTX-M-140	99.658	876	3	0	4547007	4547882	1	876	0.0	1602
NZ_CP042858.1	ARO:3001963	CTX-M-104	99.658	876	3	0	4547007	4547882	1	876	0.0	1602
NZ_CP042858.1	ARO:3001944	CTX-M-83	99.658	876	3	0	4547007	4547882	1	876	0.0	1602
NZ_CP042858.1	ARO:3001971	CTX-M-111	99.658	876	3	0	4547007	4547882	1	876	0.0	1602
NZ_CP042858.1	ARO:3001889	CTX-M-27	99.658	876	3	0	4547007	4547882	1	876	0.0	1602
NZ_CP042858.1	ARO:3001945	CTX-M-84	99.658	876	3	0	4547007	4547882	1	876	0.0	1602
NZ_CP042858.1	ARO:3002495	CTX-M-85	99.658	876	3	0	4547007	4547882	1	876	0.0	1602
NZ_CP042858.1	ARO:3001928	CTX-M-67	99.658	876	3	0	4547007	4547882	1	876	0.0	1602
NZ_CP042858.1	ARO:3001965	CTX-M-105	99.658	876	3	0	4547007	4547882	1	876	0.0	1602
NZ_CP042858.1	ARO:3001946	CTX-M-86	99.658	876	3	0	4547007	4547882	1	876	0.0	1602
NZ_CP042858.1	ARO:3001973	CTX-M-113	99.658	876	3	0	4547007	4547882	1	876	0.0	1602
NZ_CP042858.1	ARO:3001910	CTX-M-48	99.658	876	3	0	4547007	4547882	1	876	0.0	1602
NZ_CP042858.1	ARO:3001909	CTX-M-47	99.658	876	3	0	4547007	4547882	1	876	0.0	1602
NZ_CP042858.1	ARO:3001900	CTX-M-38	99.658	876	3	0	4547007	4547882	1	876	0.0	1602
NZ_CP042858.1	ARO:3001881	CTX-M-19	99.658	876	3	0	4547007	4547882	1	876	0.0	1602
NZ_CP042858.1	ARO:3001912	CTX-M-50	99.658	876	3	0	4547007	4547882	1	876	0.0	1602
NZ_CP042858.1	ARO:3001972	CTX-M-112	99.658	876	3	0	4547007	4547882	1	876	0.0	1602
NZ_CP042858.1	ARO:3001934	CTX-M-73	99.657	874	3	0	4547007	4547880	1	874	0.0	1598
NZ_CP042858.1	ARO:3003169	CTX-M-161	99.543	876	4	0	4547007	4547882	1	876	0.0	1598
NZ_CP042858.1	ARO:3005665	CTX-M-242	99.543	876	4	0	4547007	4547882	1	876	0.0	1596
NZ_CP042858.1	ARO:3005663	CTX-M-240	99.543	876	4	0	4547007	4547882	1	876	0.0	1596
NZ_CP042858.1	ARO:3005656	CTX-M-233	99.543	876	4	0	4547007	4547882	1	876	0.0	1596
NZ_CP042858.1	ARO:3005618	CTX-M-195	99.543	876	4	0	4547007	4547882	1	876	0.0	1596
NZ_CP042858.1	ARO:3005615	CTX-M-192	99.543	876	4	0	4547007	4547882	1	876	0.0	1596
NZ_CP042858.1	ARO:3005597	CTX-M-174	99.543	876	4	0	4547007	4547882	1	876	0.0	1596
NZ_CP042858.1	ARO:3001988	CTX-M-129	99.543	876	4	0	4547007	4547882	1	876	0.0	1596
NZ_CP042858.1	ARO:3001880	CTX-M-17	99.543	876	4	0	4547007	4547882	1	876	0.0	1596
NZ_CP042858.1	ARO:3001992	CTX-M-134	99.543	876	4	0	4547007	4547882	1	876	0.0	1596
NZ_CP042858.1	ARO:3003154	SHV-187	99.885	867	1	0	2657715	2658581	1	867	0.0	1596
NZ_CP042858.1	ARO:3001953	CTX-M-93	99.543	876	4	0	4547007	4547882	1	876	0.0	1596
NZ_CP042858.1	ARO:3001961	CTX-M-102	99.543	876	4	0	4547007	4547882	1	876	0.0	1596
NZ_CP042858.1	ARO:3001911	CTX-M-49	99.543	876	4	0	4547007	4547882	1	876	0.0	1596
NZ_CP042858.1	ARO:3003167	CTX-M-159	99.543	876	4	0	4547007	4547882	1	876	0.0	1596
NZ_CP042858.1	ARO:3001985	CTX-M-126	99.543	876	4	0	4547007	4547882	1	876	0.0	1596
NZ_CP042858.1	ARO:3001980	CTX-M-121	99.543	876	4	0	4547007	4547882	1	876	0.0	1596
NZ_CP042858.1	ARO:3005662	CTX-M-239	99.429	876	5	0	4547007	4547882	1	876	0.0	1591
NZ_CP042858.1	ARO:3005646	CTX-M-223	99.429	876	5	0	4547007	4547882	1	876	0.0	1591
NZ_CP042858.1	ARO:3005636	CTX-M-213	99.429	876	5	0	4547007	4547882	1	876	0.0	1591
NZ_CP042858.1	ARO:3005253	SHV-202	99.769	867	2	0	2657715	2658581	1	867	0.0	1591
NZ_CP042858.1	ARO:3001913	CTX-M-51	99.429	876	5	0	4547007	4547882	1	876	0.0	1591
NZ_CP042858.1	ARO:3001970	CTX-M-110	99.655	870	3	0	4547007	4547876	1	870	0.0	1591
NZ_CP042858.1	ARO:3001908	CTX-M-46	99.429	876	5	0	4547007	4547882	1	876	0.0	1591
NZ_CP042858.1	ARO:3001989	CTX-M-130	99.429	876	5	0	4547007	4547882	1	876	0.0	1591
NZ_CP042858.1	ARO:3001137	SHV-83	100.000	859	0	0	2657723	2658581	3	861	0.0	1587
NZ_CP042858.1	ARO:3000873	TEM-1	99.884	861	1	0	4832718	4833578	861	1	0.0	1585
NZ_CP042858.1	ARO:3000966	TEM-103	99.884	861	1	0	4832718	4833578	861	1	0.0	1585
NZ_CP042858.1	ARO:3007454	TEM-245	99.884	861	1	0	4832718	4833578	861	1	0.0	1585
NZ_CP042858.1	ARO:3001341	SHV-132	99.884	861	1	0	2657721	2658581	1	861	0.0	1585
NZ_CP042858.1	ARO:3005265	TEM-234	99.884	861	1	0	4832718	4833578	861	1	0.0	1585
NZ_CP042858.1	ARO:3000901	TEM-31	99.884	861	1	0	4832718	4833578	861	1	0.0	1585
NZ_CP042858.1	ARO:3005237	SHV-1b-b	99.884	861	1	0	2657721	2658581	1	861	0.0	1585
NZ_CP042858.1	ARO:3005259	TEM-228	99.884	861	1	0	4832718	4833578	861	1	0.0	1585
NZ_CP042858.1	ARO:3004623	AAC(3)-IId	99.884	861	1	0	4881427	4882287	861	1	0.0	1585
NZ_CP042858.1	ARO:3004623	AAC(3)-IId	99.884	861	1	0	4838550	4839410	861	1	0.0	1585
NZ_CP042858.1	ARO:3004623	AAC(3)-IId	99.884	861	1	0	4614371	4615231	1	861	0.0	1585
NZ_CP042858.1	ARO:3004623	AAC(3)-IId	99.884	861	1	0	4632828	4633688	1	861	0.0	1585
NZ_CP042858.1	ARO:3004623	AAC(3)-IId	98.511	873	1	12	4859983	4860855	861	1	0.0	1530
NZ_CP042858.1	ARO:3001392	TEM-215	99.884	861	1	0	4832718	4833578	861	1	0.0	1585
NZ_CP042858.1	ARO:3000968	TEM-105	99.884	861	1	0	4832718	4833578	861	1	0.0	1585
NZ_CP042858.1	ARO:3000942	TEM-76	99.884	861	1	0	4832718	4833578	861	1	0.0	1585
NZ_CP042858.1	ARO:3001385	TEM-208	99.884	861	1	0	4832718	4833578	861	1	0.0	1585
NZ_CP042858.1	ARO:3000936	TEM-70	99.884	861	1	0	4832718	4833578	861	1	0.0	1585
NZ_CP042858.1	ARO:3001966	CTX-M-106	99.540	870	4	0	4547007	4547876	1	870	0.0	1585
NZ_CP042858.1	ARO:3000989	TEM-127	99.884	861	1	0	4832718	4833578	861	1	0.0	1585
NZ_CP042858.1	ARO:3001160	SHV-111	99.884	861	1	0	2657721	2658581	1	861	0.0	1585
NZ_CP042858.1	ARO:3000999	TEM-135	99.884	861	1	0	4832718	4833578	861	1	0.0	1585
NZ_CP042858.1	ARO:3001006	TEM-143	99.884	861	1	0	4832718	4833578	861	1	0.0	1585
NZ_CP042858.1	ARO:3001876	CTX-M-13	99.315	876	6	0	4547007	4547882	1	876	0.0	1585
NZ_CP042858.1	ARO:3001046	TEM-186	99.884	861	1	0	4832718	4833578	861	1	0.0	1585
NZ_CP042858.1	ARO:3001394	TEM-217	99.884	861	1	0	4832718	4833578	861	1	0.0	1585
NZ_CP042858.1	ARO:3000900	TEM-30	99.884	861	1	0	4832718	4833578	861	1	0.0	1585
NZ_CP042858.1	ARO:3001942	CTX-M-81	99.315	876	6	0	4547007	4547882	1	876	0.0	1585
NZ_CP042858.1	ARO:3000962	TEM-95	99.884	861	1	0	4832718	4833578	861	1	0.0	1585
NZ_CP042858.1	ARO:3001096	SHV-38	99.884	861	1	0	2657721	2658581	1	861	0.0	1585
NZ_CP042858.1	ARO:3001872	CTX-M-9	99.315	876	6	0	4547007	4547882	1	876	0.0	1585
NZ_CP042858.1	ARO:3000990	TEM-128	99.884	861	1	0	4832718	4833578	861	1	0.0	1585
NZ_CP042858.1	ARO:3000903	TEM-33	99.884	861	1	0	4832718	4833578	861	1	0.0	1585
NZ_CP042858.1	ARO:3001391	TEM-214	99.884	861	1	0	4832718	4833578	861	1	0.0	1585
NZ_CP042858.1	ARO:3001032	TEM-166	99.884	861	1	0	4832718	4833578	861	1	0.0	1585
NZ_CP042858.1	ARO:3001015	TEM-148	99.884	861	1	0	4832718	4833578	861	1	0.0	1585
NZ_CP042858.1	ARO:3001041	TEM-176	99.884	861	1	0	4832718	4833578	861	1	0.0	1585
NZ_CP042858.1	ARO:3001384	TEM-207	99.884	861	1	0	4832718	4833578	861	1	0.0	1585
NZ_CP042858.1	ARO:3001383	TEM-206	99.884	861	1	0	4832718	4833578	861	1	0.0	1585
NZ_CP042858.1	ARO:3001057	TEM-198	99.884	861	1	0	4832718	4833578	861	1	0.0	1585
NZ_CP042858.1	ARO:3000904	TEM-34	99.884	861	1	0	4832718	4833578	861	1	0.0	1585
NZ_CP042858.1	ARO:3007448	TEM-246	99.768	861	2	0	4832718	4833578	861	1	0.0	1580
NZ_CP042858.1	ARO:3005642	CTX-M-219	99.201	876	7	0	4547007	4547882	1	876	0.0	1580
NZ_CP042858.1	ARO:3005637	CTX-M-214	99.201	876	7	0	4547007	4547882	1	876	0.0	1580
NZ_CP042858.1	ARO:3001387	TEM-210	99.768	861	2	0	4832718	4833578	861	1	0.0	1580
NZ_CP042858.1	ARO:3000907	TEM-37	99.768	861	2	0	4832718	4833578	861	1	0.0	1580
NZ_CP042858.1	ARO:3000906	TEM-36	99.768	861	2	0	4832718	4833578	861	1	0.0	1580
NZ_CP042858.1	ARO:3000905	TEM-35	99.768	861	2	0	4832718	4833578	861	1	0.0	1580
NZ_CP042858.1	ARO:3005261	TEM-230	99.768	861	2	0	4832718	4833578	861	1	0.0	1580
NZ_CP042858.1	ARO:3005210	SHV-195	99.768	861	2	0	2657721	2658581	1	861	0.0	1580
NZ_CP042858.1	ARO:3005263	TEM-232	99.768	861	2	0	4832718	4833578	861	1	0.0	1580
NZ_CP042858.1	ARO:3003158	TEM-220	99.768	861	2	0	4832718	4833578	861	1	0.0	1580
NZ_CP042858.1	ARO:3001376	TEM-196	99.768	861	2	0	4832718	4833578	861	1	0.0	1580
NZ_CP042858.1	ARO:3000926	TEM-57	99.768	861	2	0	4832718	4833578	861	1	0.0	1580
NZ_CP042858.1	ARO:3001345	SHV-144	99.768	861	2	0	2657721	2658581	1	861	0.0	1580
NZ_CP042858.1	ARO:3001030	TEM-164	99.768	861	2	0	4832718	4833578	861	1	0.0	1580
NZ_CP042858.1	ARO:3001879	CTX-M-16	99.201	876	7	0	4547007	4547882	1	876	0.0	1580
NZ_CP042858.1	ARO:3001393	TEM-216	99.768	861	2	0	4832718	4833578	861	1	0.0	1580
NZ_CP042858.1	ARO:3000886	TEM-15	99.768	861	2	0	4832718	4833578	861	1	0.0	1580
NZ_CP042858.1	ARO:3001004	TEM-141	99.768	861	2	0	4832718	4833578	861	1	0.0	1580
NZ_CP042858.1	ARO:3000967	TEM-104	99.768	861	2	0	4832718	4833578	861	1	0.0	1580
NZ_CP042858.1	ARO:3001007	TEM-144	99.768	861	2	0	4832718	4833578	861	1	0.0	1580
NZ_CP042858.1	ARO:3000946	TEM-79	99.768	861	2	0	4832718	4833578	861	1	0.0	1580
NZ_CP042858.1	ARO:3001125	SHV-71	99.768	861	2	0	2657721	2658581	1	861	0.0	1580
NZ_CP042858.1	ARO:3000898	TEM-28	99.768	861	2	0	4832718	4833578	861	1	0.0	1580
NZ_CP042858.1	ARO:3001386	TEM-209	99.768	861	2	0	4832718	4833578	861	1	0.0	1580
NZ_CP042858.1	ARO:3001183	SHV-141	99.768	861	2	0	2657721	2658581	1	861	0.0	1580
NZ_CP042858.1	ARO:3000924	TEM-55	99.768	861	2	0	4832718	4833578	861	1	0.0	1580
NZ_CP042858.1	ARO:3000882	TEM-10	99.768	861	2	0	4832718	4833578	861	1	0.0	1580
NZ_CP042858.1	ARO:3001378	TEM-201	99.768	861	2	0	4832718	4833578	861	1	0.0	1580
NZ_CP042858.1	ARO:3000969	TEM-106	99.768	861	2	0	4832718	4833578	861	1	0.0	1580
NZ_CP042858.1	ARO:3000984	TEM-122	99.768	861	2	0	4832718	4833578	861	1	0.0	1580
NZ_CP042858.1	ARO:3000988	TEM-126	99.768	861	2	0	4832718	4833578	861	1	0.0	1580
NZ_CP042858.1	ARO:3001182	SHV-140	99.767	859	2	0	2657723	2658581	3	861	0.0	1576
NZ_CP042858.1	ARO:3001165	SHV-116	99.652	861	3	0	2657721	2658581	1	861	0.0	1574
NZ_CP042858.1	ARO:3005664	CTX-M-241	99.201	876	1	1	4547007	4547882	1	870	0.0	1574
NZ_CP042858.1	ARO:3005272	TEM-242	99.652	861	3	0	4832718	4833578	861	1	0.0	1574
NZ_CP042858.1	ARO:3005266	TEM-235	99.652	861	3	0	4832718	4833578	861	1	0.0	1574
NZ_CP042858.1	ARO:3005257	TEM-226	99.652	861	3	0	4832718	4833578	861	1	0.0	1574
NZ_CP042858.1	ARO:3000902	TEM-32	99.652	861	3	0	4832718	4833578	861	1	0.0	1574
NZ_CP042858.1	ARO:3000877	TEM-5	99.652	861	3	0	4832718	4833578	861	1	0.0	1574
NZ_CP042858.1	ARO:3005236	SHV-207	99.652	861	3	0	2657721	2658581	1	861	0.0	1574
NZ_CP042858.1	ARO:3005231	SHV-219	99.652	861	3	0	2657721	2658581	1	861	0.0	1574
NZ_CP042858.1	ARO:3005229	SHV-196	99.652	861	3	0	2657721	2658581	1	861	0.0	1574
NZ_CP042858.1	ARO:3005227	SHV-206	99.652	861	3	0	2657721	2658581	1	861	0.0	1574
NZ_CP042858.1	ARO:3005209	SHV-198	99.652	861	3	0	2657721	2658581	1	861	0.0	1574
NZ_CP042858.1	ARO:3003156	SHV-189	99.652	861	3	0	2657721	2658581	1	861	0.0	1574
NZ_CP042858.1	ARO:3001014	TEM-147	99.652	861	3	0	4832718	4833578	861	1	0.0	1574
NZ_CP042858.1	ARO:3001077	SHV-19	99.652	861	3	0	2657721	2658581	1	861	0.0	1574
NZ_CP042858.1	ARO:3000910	TEM-40	99.652	861	3	0	4832718	4833578	861	1	0.0	1574
NZ_CP042858.1	ARO:3003157	TEM-219	99.652	861	3	0	4832718	4833578	861	1	0.0	1574
NZ_CP042858.1	ARO:3001352	SHV-168	99.652	861	3	0	2657721	2658581	1	861	0.0	1574
NZ_CP042858.1	ARO:3000899	TEM-29	99.767	858	2	0	4832721	4833578	858	1	0.0	1574
NZ_CP042858.1	ARO:3001091	SHV-33	99.652	861	3	0	2657721	2658581	1	861	0.0	1574
NZ_CP042858.1	ARO:3001029	TEM-163	99.652	861	3	0	4832718	4833578	861	1	0.0	1574
NZ_CP042858.1	ARO:3001073	SHV-14	99.652	861	3	0	2657721	2658581	1	861	0.0	1574
NZ_CP042858.1	ARO:3001126	SHV-72	99.652	861	3	0	2657721	2658581	1	861	0.0	1574
NZ_CP042858.1	ARO:3001088	SHV-30	99.652	861	3	0	2657721	2658581	1	861	0.0	1574
NZ_CP042858.1	ARO:3003152	SHV-185	99.652	861	3	0	2657721	2658581	1	861	0.0	1574
NZ_CP042858.1	ARO:3001123	SHV-69	99.652	861	3	0	2657721	2658581	1	861	0.0	1574
NZ_CP042858.1	ARO:3001373	TEM-182	99.652	861	3	0	4832718	4833578	861	1	0.0	1574
NZ_CP042858.1	ARO:3001024	TEM-158	99.652	861	3	0	4832718	4833578	861	1	0.0	1574
NZ_CP042858.1	ARO:3000996	TEM-132	99.652	861	3	0	4832718	4833578	861	1	0.0	1574
NZ_CP042858.1	ARO:3001202	SHV-163	99.766	856	2	0	2657721	2658576	1	856	0.0	1570
NZ_CP042858.1	ARO:3007453	TEM-244	99.535	861	4	0	4832718	4833578	861	1	0.0	1568
NZ_CP042858.1	ARO:3005270	TEM-240	99.535	861	4	0	4832718	4833578	861	1	0.0	1568
NZ_CP042858.1	ARO:3005269	TEM-238	99.535	861	4	0	4832718	4833578	861	1	0.0	1568
NZ_CP042858.1	ARO:3005268	TEM-237	99.535	861	4	0	4832718	4833578	861	1	0.0	1568
NZ_CP042858.1	ARO:3005251	SHV-213	99.535	861	4	0	2657721	2658581	1	861	0.0	1568
NZ_CP042858.1	ARO:3005250	SHV-217	99.535	861	4	0	2657721	2658581	1	861	0.0	1568
NZ_CP042858.1	ARO:3005242	SHV-209	99.535	861	4	0	2657721	2658581	1	861	0.0	1568
NZ_CP042858.1	ARO:3005240	SHV-224	99.535	861	4	0	2657721	2658581	1	861	0.0	1568
NZ_CP042858.1	ARO:3005235	SHV-214	99.535	861	4	0	2657721	2658581	1	861	0.0	1568
NZ_CP042858.1	ARO:3005213	SHV-204	99.535	861	4	0	2657721	2658581	1	861	0.0	1568
NZ_CP042858.1	ARO:3001044	TEM-181	99.535	861	4	0	4832718	4833578	861	1	0.0	1568
NZ_CP042858.1	ARO:3005262	TEM-231	99.535	861	4	0	4832718	4833578	861	1	0.0	1568
NZ_CP042858.1	ARO:3001017	TEM-150	99.535	861	4	0	4832718	4833578	861	1	0.0	1568
NZ_CP042858.1	ARO:3001087	SHV-29	99.535	861	4	0	2657721	2658581	1	861	0.0	1568
NZ_CP042858.1	ARO:3001085	SHV-27	99.535	861	4	0	2657721	2658581	1	861	0.0	1568
NZ_CP042858.1	ARO:3001098	SHV-40	99.535	861	4	0	2657721	2658581	1	861	0.0	1568
NZ_CP042858.1	ARO:3001034	TEM-168	99.535	861	4	0	4832718	4833578	861	1	0.0	1568
NZ_CP042858.1	ARO:3001139	SHV-85	99.535	861	4	0	2657721	2658581	1	861	0.0	1568
NZ_CP042858.1	ARO:3001337	SHV-99	99.535	861	4	0	2657721	2658581	1	861	0.0	1568
NZ_CP042858.1	ARO:3001146	SHV-94	99.535	861	4	0	2657721	2658581	1	861	0.0	1568
NZ_CP042858.1	ARO:3001092	SHV-34	99.535	861	4	0	2657721	2658581	1	861	0.0	1568
NZ_CP042858.1	ARO:3000923	TEM-54	99.535	861	4	0	4832718	4833578	861	1	0.0	1568
NZ_CP042858.1	ARO:3001022	TEM-156	99.535	861	4	0	4832718	4833578	861	1	0.0	1568
NZ_CP042858.1	ARO:3000957	TEM-90	99.535	861	4	0	4832718	4833578	861	1	0.0	1568
NZ_CP042858.1	ARO:3001035	TEM-169	99.650	858	3	0	4832721	4833578	858	1	0.0	1568
NZ_CP042858.1	ARO:3001152	SHV-103	99.535	861	4	0	2657721	2658581	1	861	0.0	1568
NZ_CP042858.1	ARO:3001059	SHV-1	99.535	861	4	0	2657721	2658581	1	861	0.0	1568
NZ_CP042858.1	ARO:3000963	TEM-96	99.535	861	4	0	4832718	4833578	861	1	0.0	1568
NZ_CP042858.1	ARO:3000955	TEM-88	99.535	861	4	0	4832718	4833578	861	1	0.0	1568
NZ_CP042858.1	ARO:3001148	SHV-96	99.535	861	4	0	2657721	2658581	1	861	0.0	1568
NZ_CP042858.1	ARO:3001037	TEM-171	99.535	861	4	0	4832718	4833578	861	1	0.0	1568
NZ_CP042858.1	ARO:3000939	TEM-73	99.535	861	4	0	4832718	4833578	861	1	0.0	1568
NZ_CP042858.1	ARO:3000970	TEM-107	99.535	861	4	0	4832718	4833578	861	1	0.0	1568
NZ_CP042858.1	ARO:3003155	SHV-188	99.198	873	1	1	2657715	2658581	1	873	0.0	1568
NZ_CP042858.1	ARO:3001093	SHV-35	99.535	861	4	0	2657721	2658581	1	861	0.0	1568
NZ_CP042858.1	ARO:3001141	SHV-89	99.535	861	4	0	2657721	2658581	1	861	0.0	1568
NZ_CP042858.1	ARO:3001112	SHV-56	99.535	861	4	0	2657721	2658581	1	861	0.0	1568
NZ_CP042858.1	ARO:3001045	TEM-183	99.535	861	4	0	4832718	4833578	861	1	0.0	1568
NZ_CP042858.1	ARO:3000912	TEM-43	99.535	861	4	0	4832718	4833578	861	1	0.0	1568
NZ_CP042858.1	ARO:3000972	TEM-109	99.535	861	4	0	4832718	4833578	861	1	0.0	1568
NZ_CP042858.1	ARO:3001133	SHV-79	99.535	861	4	0	2657721	2658581	1	861	0.0	1568
NZ_CP042858.1	ARO:3001076	SHV-18	99.535	861	4	0	2657721	2658581	1	861	0.0	1568
NZ_CP042858.1	ARO:3005273	TEM-243	99.419	861	5	0	4832718	4833578	861	1	0.0	1563
NZ_CP042858.1	ARO:3005267	TEM-236	99.419	861	5	0	4832718	4833578	861	1	0.0	1563
NZ_CP042858.1	ARO:3005247	SHV-228	99.419	861	5	0	2657721	2658581	1	861	0.0	1563
NZ_CP042858.1	ARO:3005243	SHV-215	99.419	861	5	0	2657721	2658581	1	861	0.0	1563
NZ_CP042858.1	ARO:3005239	SHV-193	99.419	861	5	0	2657721	2658581	1	861	0.0	1563
NZ_CP042858.1	ARO:3005233	SHV-227	99.419	861	5	0	2657721	2658581	1	861	0.0	1563
NZ_CP042858.1	ARO:3005232	SHV-199	99.419	861	5	0	2657721	2658581	1	861	0.0	1563
NZ_CP042858.1	ARO:3005228	SHV-226	99.419	861	5	0	2657721	2658581	1	861	0.0	1563
NZ_CP042858.1	ARO:3005223	SHV-194	99.419	861	5	0	2657721	2658581	1	861	0.0	1563
NZ_CP042858.1	ARO:3005215	SHV-216	99.419	861	5	0	2657721	2658581	1	861	0.0	1563
NZ_CP042858.1	ARO:3001062	SHV-3	99.419	861	5	0	2657721	2658581	1	861	0.0	1563
NZ_CP042858.1	ARO:3001362	SHV-179	99.419	861	5	0	2657721	2658581	1	861	0.0	1563
NZ_CP042858.1	ARO:3001361	SHV-178	99.419	861	5	0	2657721	2658581	1	861	0.0	1563
NZ_CP042858.1	ARO:3001185	SHV-145	99.419	861	5	0	2657721	2658581	1	861	0.0	1563
NZ_CP042858.1	ARO:3001049	TEM-189	99.419	861	5	0	4832718	4833578	861	1	0.0	1563
NZ_CP042858.1	ARO:3001102	SHV-44	99.419	861	5	0	2657721	2658581	1	861	0.0	1563
NZ_CP042858.1	ARO:3001020	TEM-154	99.419	861	5	0	4832718	4833578	861	1	0.0	1563
NZ_CP042858.1	ARO:3001336	SHV-98	99.419	861	5	0	2657721	2658581	1	861	0.0	1563
NZ_CP042858.1	ARO:3000949	TEM-82	99.419	861	5	0	4832718	4833578	861	1	0.0	1563
NZ_CP042858.1	ARO:3001147	SHV-95	99.419	861	5	0	2657721	2658581	1	861	0.0	1563
NZ_CP042858.1	ARO:3001124	SHV-70	99.419	861	5	0	2657721	2658581	1	861	0.0	1563
NZ_CP042858.1	ARO:3001193	SHV-154	99.534	858	4	0	2657721	2658578	1	858	0.0	1563
NZ_CP042858.1	ARO:3001344	SHV-143	99.419	861	5	0	2657721	2658581	1	861	0.0	1563
NZ_CP042858.1	ARO:3000948	TEM-81	99.419	861	5	0	4832718	4833578	861	1	0.0	1563
NZ_CP042858.1	ARO:3001108	SHV-51	99.419	861	5	0	2657721	2658581	1	861	0.0	1563
NZ_CP042858.1	ARO:3001072	SHV-13	99.419	861	5	0	2657721	2658581	1	861	0.0	1563
NZ_CP042858.1	ARO:3001118	SHV-63	99.419	861	5	0	2657721	2658581	1	861	0.0	1563
NZ_CP042858.1	ARO:3001084	SHV-26	99.419	861	5	0	2657721	2658581	1	861	0.0	1563
NZ_CP042858.1	ARO:3001134	SHV-80	99.419	861	5	0	2657721	2658581	1	861	0.0	1563
NZ_CP042858.1	ARO:3001089	SHV-31	99.419	861	5	0	2657721	2658581	1	861	0.0	1563
NZ_CP042858.1	ARO:3001013	TEM-146	99.419	861	5	0	4832718	4833578	861	1	0.0	1563
NZ_CP042858.1	ARO:3001000	TEM-136	99.419	861	5	0	4832718	4833578	861	1	0.0	1563
NZ_CP042858.1	ARO:3001083	SHV-25	99.419	861	5	0	2657721	2658581	1	861	0.0	1563
NZ_CP042858.1	ARO:3001369	TEM-153	99.419	861	5	0	4832718	4833578	861	1	0.0	1563
NZ_CP042858.1	ARO:3001200	SHV-161	99.419	861	5	0	2657721	2658581	1	861	0.0	1563
NZ_CP042858.1	ARO:3001196	SHV-157	99.419	861	5	0	2657721	2658581	1	861	0.0	1563
NZ_CP042858.1	ARO:3000896	TEM-26	99.419	861	5	0	4832718	4833578	861	1	0.0	1563
NZ_CP042858.1	ARO:3001189	SHV-150	99.534	858	4	0	2657721	2658578	1	858	0.0	1563
NZ_CP042858.1	ARO:3000878	TEM-6	99.419	861	5	0	4832718	4833578	861	1	0.0	1563
NZ_CP042858.1	ARO:3001149	SHV-97	99.419	861	5	0	2657721	2658581	1	861	0.0	1563
NZ_CP042858.1	ARO:3001117	SHV-62	99.419	861	5	0	2657721	2658581	1	861	0.0	1563
NZ_CP042858.1	ARO:3001157	SHV-108	99.419	861	5	0	2657721	2658581	1	861	0.0	1563
NZ_CP042858.1	ARO:3001129	SHV-75	99.419	861	5	0	2657721	2658581	1	861	0.0	1563
NZ_CP042858.1	ARO:3001012	TEM-145	99.419	861	5	0	4832718	4833578	861	1	0.0	1563
NZ_CP042858.1	ARO:3001070	SHV-11	99.419	861	5	0	2657721	2658581	1	861	0.0	1563
NZ_CP042858.1	ARO:3001094	SHV-36	99.419	861	5	0	2657721	2658581	1	861	0.0	1563
NZ_CP042858.1	ARO:3000975	TEM-112	99.419	861	5	0	4832718	4833578	861	1	0.0	1563
NZ_CP042858.1	ARO:3001132	SHV-78	99.419	861	5	0	2657721	2658581	1	861	0.0	1563
NZ_CP042858.1	ARO:3001090	SHV-32	99.419	861	5	0	2657721	2658581	1	861	0.0	1563
NZ_CP042858.1	ARO:3001201	SHV-162	99.534	858	4	0	2657721	2658578	1	858	0.0	1563
NZ_CP042858.1	ARO:3000958	TEM-91	99.419	861	5	0	4832718	4833578	861	1	0.0	1563
NZ_CP042858.1	ARO:3001150	SHV-101	99.419	861	5	0	2657721	2658581	1	861	0.0	1563
NZ_CP042858.1	ARO:3001154	SHV-105	99.419	861	5	0	2657721	2658581	1	861	0.0	1563
NZ_CP042858.1	ARO:3000979	TEM-116	99.419	861	5	0	4832718	4833578	861	1	0.0	1563
NZ_CP042858.1	ARO:3001100	SHV-42	99.419	861	5	0	2657721	2658581	1	861	0.0	1563
NZ_CP042858.1	ARO:3001153	SHV-104	99.419	860	5	0	2657722	2658581	2	861	0.0	1561
NZ_CP042858.1	ARO:3006140	TEM-99	99.648	853	3	0	4832718	4833570	861	9	0.0	1559
NZ_CP042858.1	ARO:3001194	SHV-155	99.533	856	4	0	2657721	2658576	1	856	0.0	1559
NZ_CP042858.1	ARO:3001187	SHV-148	99.533	856	4	0	2657721	2658576	1	856	0.0	1559
NZ_CP042858.1	ARO:3001127	SHV-73	99.648	853	3	0	2657729	2658581	6	858	0.0	1559
NZ_CP042858.1	ARO:3001883	CTX-M-21	98.856	874	10	0	4547007	4547880	1	874	0.0	1559
NZ_CP042858.1	ARO:3007451	TEM-247	99.303	861	6	0	4832718	4833578	861	1	0.0	1557
NZ_CP042858.1	ARO:3003591	SHV-191	99.303	861	6	0	2657721	2658581	1	861	0.0	1557
NZ_CP042858.1	ARO:3005256	TEM-225	99.303	861	6	0	4832718	4833578	861	1	0.0	1557
NZ_CP042858.1	ARO:3001389	TEM-212	99.303	861	6	0	4832718	4833578	861	1	0.0	1557
NZ_CP042858.1	ARO:3005249	SHV-203	99.303	861	6	0	2657721	2658581	1	861	0.0	1557
NZ_CP042858.1	ARO:3005230	SHV-211	99.303	861	6	0	2657721	2658581	1	861	0.0	1557
NZ_CP042858.1	ARO:3005226	SHV-208	99.303	861	6	0	2657721	2658581	1	861	0.0	1557
NZ_CP042858.1	ARO:3005225	SHV-210	99.303	861	6	0	2657721	2658581	1	861	0.0	1557
NZ_CP042858.1	ARO:3005260	TEM-229	99.303	861	6	0	4832718	4833578	861	1	0.0	1557
NZ_CP042858.1	ARO:3005211	SHV-201	99.303	861	6	0	2657721	2658581	1	861	0.0	1557
NZ_CP042858.1	ARO:3005208	SHV-222	99.303	861	6	0	2657721	2658581	1	861	0.0	1557
NZ_CP042858.1	ARO:3001066	SHV-7	99.303	861	6	0	2657721	2658581	1	861	0.0	1557
NZ_CP042858.1	ARO:3001107	SHV-50	99.303	861	6	0	2657721	2658581	1	861	0.0	1557
NZ_CP042858.1	ARO:3001167	SHV-120	99.303	861	6	0	2657721	2658581	1	861	0.0	1557
NZ_CP042858.1	ARO:3000884	TEM-12	99.303	861	6	0	4832718	4833578	861	1	0.0	1557
NZ_CP042858.1	ARO:3000890	TEM-19	99.303	861	6	0	4832718	4833578	861	1	0.0	1557
NZ_CP042858.1	ARO:3001086	SHV-28	99.303	861	6	0	2657721	2658581	1	861	0.0	1557
NZ_CP042858.1	ARO:3001190	SHV-151	99.417	858	5	0	2657721	2658578	1	858	0.0	1557
NZ_CP042858.1	ARO:3000978	TEM-115	99.303	861	6	0	4832718	4833578	861	1	0.0	1557
NZ_CP042858.1	ARO:3000947	TEM-80	99.303	861	6	0	4832718	4833578	861	1	0.0	1557
NZ_CP042858.1	ARO:3001056	TEM-197	99.303	861	6	0	4832718	4833578	861	1	0.0	1557
NZ_CP042858.1	ARO:3001159	SHV-110	99.303	861	6	0	2657721	2658581	1	861	0.0	1557
NZ_CP042858.1	ARO:3001115	SHV-60	99.303	861	6	0	2657721	2658581	1	861	0.0	1557
NZ_CP042858.1	ARO:3000960	TEM-93	99.303	861	6	0	4832718	4833578	861	1	0.0	1557
NZ_CP042858.1	ARO:3001120	SHV-65	99.303	861	6	0	2657721	2658581	1	861	0.0	1557
NZ_CP042858.1	ARO:3001135	SHV-81	99.303	861	6	0	2657721	2658581	1	861	0.0	1557
NZ_CP042858.1	ARO:3001340	SHV-119	99.303	861	6	0	2657721	2658581	1	861	0.0	1557
NZ_CP042858.1	ARO:3001114	SHV-59	99.303	861	6	0	2657721	2658581	1	861	0.0	1557
NZ_CP042858.1	ARO:3001060	SHV-2	99.303	861	6	0	2657721	2658581	1	861	0.0	1557
NZ_CP042858.1	ARO:3001131	SHV-77	99.303	861	6	0	2657721	2658581	1	861	0.0	1557
NZ_CP042858.1	ARO:3003153	SHV-186	99.303	861	6	0	2657721	2658581	1	861	0.0	1557
NZ_CP042858.1	ARO:3001374	TEM-185	99.303	861	6	0	4832718	4833578	861	1	0.0	1557
NZ_CP042858.1	ARO:3001113	SHV-57	99.303	861	6	0	2657721	2658581	1	861	0.0	1557
NZ_CP042858.1	ARO:3001356	SHV-172	99.303	861	6	0	2657721	2658581	1	861	0.0	1557
NZ_CP042858.1	ARO:3000982	TEM-120	99.303	861	6	0	4832718	4833578	861	1	0.0	1557
NZ_CP042858.1	ARO:3001136	SHV-82	99.303	861	6	0	2657721	2658581	1	861	0.0	1557
NZ_CP042858.1	ARO:3000921	TEM-52	99.303	861	6	0	4832718	4833578	861	1	0.0	1557
NZ_CP042858.1	ARO:3000951	TEM-84	99.303	861	6	0	4832718	4833578	861	1	0.0	1557
NZ_CP042858.1	ARO:3001195	SHV-156	99.303	861	6	0	2657721	2658581	1	861	0.0	1557
NZ_CP042858.1	ARO:3001051	TEM-191	99.303	861	6	0	4832718	4833578	861	1	0.0	1557
NZ_CP042858.1	ARO:3001106	SHV-49	99.303	861	6	0	2657721	2658581	1	861	0.0	1557
NZ_CP042858.1	ARO:3001177	SHV-133	99.303	861	6	0	2657721	2658581	1	861	0.0	1557
NZ_CP042858.1	ARO:3000874	TEM-2	99.303	861	6	0	4832718	4833578	861	1	0.0	1557
NZ_CP042858.1	ARO:3001067	SHV-8	99.303	861	6	0	2657721	2658581	1	861	0.0	1557
NZ_CP042858.1	ARO:3001021	TEM-155	99.303	861	6	0	4832718	4833578	861	1	0.0	1557
NZ_CP042858.1	ARO:3001350	SHV-180	99.303	861	6	0	2657721	2658581	1	861	0.0	1557
NZ_CP042858.1	ARO:3001347	SHV-164	99.303	861	6	0	2657721	2658581	1	861	0.0	1557
NZ_CP042858.1	ARO:3001181	SHV-137	99.303	861	6	0	2657721	2658581	1	861	0.0	1557
NZ_CP042858.1	ARO:3001168	SHV-121	99.303	861	6	0	2657721	2658581	1	861	0.0	1557
NZ_CP042858.1	ARO:3001116	SHV-61	99.303	861	6	0	2657721	2658581	1	861	0.0	1557
NZ_CP042858.1	ARO:3001364	SHV-182	99.303	861	6	0	2657721	2658581	1	861	0.0	1557
NZ_CP042858.1	ARO:3001071	SHV-12	99.303	861	6	0	2657721	2658581	1	861	0.0	1557
NZ_CP042858.1	ARO:3000916	TEM-47	99.303	861	6	0	4832718	4833578	861	1	0.0	1557
NZ_CP042858.1	ARO:3001082	SHV-24	99.303	861	6	0	2657721	2658581	1	861	0.0	1557
NZ_CP042858.1	ARO:3006139	TEM-98	99.531	853	4	0	4832718	4833570	861	9	0.0	1554
NZ_CP042858.1	ARO:3001169	SHV-122	99.190	864	4	3	2657721	2658581	1	864	0.0	1554
NZ_CP042858.1	ARO:3001164	SHV-115	99.187	861	7	0	2657721	2658581	1	861	0.0	1552
NZ_CP042858.1	ARO:3005252	SHV-221	99.187	861	7	0	2657721	2658581	1	861	0.0	1552
NZ_CP042858.1	ARO:3005214	SHV-197	99.187	861	7	0	2657721	2658581	1	861	0.0	1552
NZ_CP042858.1	ARO:3005212	SHV-212	99.187	861	7	0	2657721	2658581	1	861	0.0	1552
NZ_CP042858.1	ARO:3005264	TEM-233	99.187	861	7	0	4832718	4833578	861	1	0.0	1552
NZ_CP042858.1	ARO:3001063	SHV-4	99.187	861	7	0	2657721	2658581	1	861	0.0	1552
NZ_CP042858.1	ARO:3001199	SHV-160	99.187	861	7	0	2657721	2658581	1	861	0.0	1552
NZ_CP042858.1	ARO:3001064	SHV-5	99.187	861	7	0	2657721	2658581	1	861	0.0	1552
NZ_CP042858.1	ARO:3001198	SHV-159	99.301	858	6	0	2657721	2658578	1	858	0.0	1552
NZ_CP042858.1	ARO:3000922	TEM-53	99.187	861	7	0	4832718	4833578	861	1	0.0	1552
NZ_CP042858.1	ARO:3001138	SHV-84	99.187	861	7	0	2657721	2658581	1	861	0.0	1552
NZ_CP042858.1	ARO:3001103	SHV-45	99.187	861	7	0	2657721	2658581	1	861	0.0	1552
NZ_CP042858.1	ARO:3001061	SHV-2A	99.187	861	7	0	2657721	2658581	1	861	0.0	1552
NZ_CP042858.1	ARO:3001026	TEM-160	99.187	861	7	0	4832718	4833578	861	1	0.0	1552
NZ_CP042858.1	ARO:3001156	SHV-107	99.187	861	7	0	2657721	2658581	1	861	0.0	1552
NZ_CP042858.1	ARO:3001105	SHV-48	99.187	861	7	0	2657721	2658581	1	861	0.0	1552
NZ_CP042858.1	ARO:3001179	SHV-135	99.187	861	7	0	2657721	2658581	1	861	0.0	1552
NZ_CP042858.1	ARO:3001023	TEM-157	99.187	861	7	0	4832718	4833578	861	1	0.0	1552
NZ_CP042858.1	ARO:3001186	SHV-147	99.301	858	6	0	2657721	2658578	1	858	0.0	1552
NZ_CP042858.1	ARO:3000914	TEM-45	99.187	861	7	0	4832718	4833578	861	1	0.0	1552
NZ_CP042858.1	ARO:3001357	SHV-173	99.187	861	7	0	2657721	2658581	1	861	0.0	1552
NZ_CP042858.1	ARO:3000993	TEM-129	99.187	861	7	0	4832718	4833578	861	1	0.0	1552
NZ_CP042858.1	ARO:3001197	SHV-158	99.301	858	6	0	2657721	2658578	1	858	0.0	1552
NZ_CP042858.1	ARO:3000410	sul1	100.000	840	0	0	4874542	4875381	840	1	0.0	1552
NZ_CP042858.1	ARO:3000410	sul1	100.000	840	0	0	4868142	4868981	840	1	0.0	1552
NZ_CP042858.1	ARO:3000410	sul1	100.000	840	0	0	4853084	4853923	840	1	0.0	1552
NZ_CP042858.1	ARO:3000410	sul1	100.000	840	0	0	4846684	4847523	840	1	0.0	1552
NZ_CP042858.1	ARO:3000410	sul1	100.000	840	0	0	4642959	4643798	840	1	0.0	1552
NZ_CP042858.1	ARO:3000410	sul1	99.881	840	1	0	4524786	4525625	1	840	0.0	1546
NZ_CP042858.1	ARO:3000410	sul1	99.881	840	1	0	4630888	4631727	1	840	0.0	1546
NZ_CP042858.1	ARO:3001128	SHV-74	99.187	861	7	0	2657721	2658581	1	861	0.0	1552
NZ_CP042858.1	ARO:3001178	SHV-134	99.187	861	7	0	2657721	2658581	1	861	0.0	1552
NZ_CP042858.1	ARO:3001121	SHV-66	99.187	861	7	0	2657721	2658581	1	861	0.0	1552
NZ_CP042858.1	ARO:3001145	SHV-93	99.187	861	7	0	2657721	2658581	1	861	0.0	1552
NZ_CP042858.1	ARO:3000935	TEM-68	99.187	861	7	0	4832718	4833578	861	1	0.0	1552
NZ_CP042858.1	ARO:3001151	SHV-102	99.187	861	7	0	2657721	2658581	1	861	0.0	1552
NZ_CP042858.1	ARO:3001390	TEM-213	99.301	858	6	0	4832721	4833578	858	1	0.0	1552
NZ_CP042858.1	ARO:3001025	TEM-159	99.187	861	7	0	4832718	4833578	861	1	0.0	1552
NZ_CP042858.1	ARO:3001184	SHV-142	99.187	861	7	0	2657721	2658581	1	861	0.0	1552
NZ_CP042858.1	ARO:3000973	TEM-110	99.187	861	7	0	4832718	4833578	861	1	0.0	1552
NZ_CP042858.1	ARO:3000997	TEM-133	99.187	861	7	0	4832718	4833578	861	1	0.0	1552
NZ_CP042858.1	ARO:3001122	SHV-67	99.187	861	7	0	2657721	2658581	1	861	0.0	1552
NZ_CP042858.1	ARO:3000937	TEM-71	99.187	861	7	0	4832718	4833578	861	1	0.0	1552
NZ_CP042858.1	ARO:3001065	SHV-6	99.187	861	7	0	2657721	2658581	1	861	0.0	1552
NZ_CP042858.1	ARO:3000883	TEM-11	99.187	861	7	0	4832718	4833578	861	1	0.0	1552
NZ_CP042858.1	ARO:3001144	SHV-92	99.187	861	7	0	2657721	2658581	1	861	0.0	1552
NZ_CP042858.1	ARO:3001099	SHV-41	99.187	861	7	0	2657721	2658581	1	861	0.0	1552
NZ_CP042858.1	ARO:3000971	TEM-108	99.414	853	5	0	4832718	4833570	861	9	0.0	1548
NZ_CP042858.1	ARO:3000930	TEM-61	99.071	861	8	0	4832718	4833578	861	1	0.0	1546
NZ_CP042858.1	ARO:3003590	SHV-190	99.071	861	8	0	2657721	2658581	1	861	0.0	1546
NZ_CP042858.1	ARO:3001355	SHV-171	99.071	861	8	0	2657721	2658581	1	861	0.0	1546
NZ_CP042858.1	ARO:3001346	SHV-146	99.071	861	8	0	2657721	2658581	1	861	0.0	1546
NZ_CP042858.1	ARO:3005271	TEM-241	99.071	861	8	0	4832718	4833578	861	1	0.0	1546
NZ_CP042858.1	ARO:3000909	TEM-39	99.071	861	8	0	4832718	4833578	861	1	0.0	1546
NZ_CP042858.1	ARO:3005241	SHV-225	99.071	861	8	0	2657721	2658581	1	861	0.0	1546
NZ_CP042858.1	ARO:3005238	SHV-218	99.071	861	8	0	2657721	2658581	1	861	0.0	1546
NZ_CP042858.1	ARO:3005234	SHV-223	99.071	861	8	0	2657721	2658581	1	861	0.0	1546
NZ_CP042858.1	ARO:3005224	SHV-220	99.071	861	8	0	2657721	2658581	1	861	0.0	1546
NZ_CP042858.1	ARO:3005207	SHV-205	99.071	861	8	0	2657721	2658581	1	861	0.0	1546
NZ_CP042858.1	ARO:3000894	TEM-24	99.071	861	8	0	4832718	4833578	861	1	0.0	1546
NZ_CP042858.1	ARO:3000974	TEM-111	99.071	861	8	0	4832718	4833578	861	1	0.0	1546
NZ_CP042858.1	ARO:3001050	TEM-190	99.071	861	8	0	4832718	4833578	861	1	0.0	1546
NZ_CP042858.1	ARO:3000875	TEM-3	99.071	861	8	0	4832718	4833578	861	1	0.0	1546
NZ_CP042858.1	ARO:3002616	aadA16	99.645	846	3	0	4875839	4876684	846	1	0.0	1546
NZ_CP042858.1	ARO:3002616	aadA16	99.645	846	3	0	4854381	4855226	846	1	0.0	1546
NZ_CP042858.1	ARO:3001003	TEM-139	99.071	861	8	0	4832718	4833578	861	1	0.0	1546
NZ_CP042858.1	ARO:3001140	SHV-86	99.071	861	8	0	2657721	2658581	1	861	0.0	1546
NZ_CP042858.1	ARO:3001188	SHV-149	99.184	858	7	0	2657721	2658578	1	858	0.0	1546
NZ_CP042858.1	ARO:3001158	SHV-109	99.071	861	8	0	2657721	2658581	1	861	0.0	1546
NZ_CP042858.1	ARO:3000891	TEM-20	99.184	858	7	0	4832721	4833578	858	1	0.0	1546
NZ_CP042858.1	ARO:3001130	SHV-76	99.071	861	8	0	2657721	2658581	1	861	0.0	1546
NZ_CP042858.1	ARO:3001001	TEM-137	99.071	861	8	0	4832718	4833578	861	1	0.0	1546
NZ_CP042858.1	ARO:3001155	SHV-106	99.071	861	8	0	2657721	2658581	1	861	0.0	1546
NZ_CP042858.1	ARO:3000950	TEM-83	99.071	861	8	0	4832718	4833578	861	1	0.0	1546
NZ_CP042858.1	ARO:3001095	SHV-37	99.071	861	8	0	2657721	2658581	1	861	0.0	1546
NZ_CP042858.1	ARO:3001192	SHV-153	99.184	858	7	0	2657721	2658578	1	858	0.0	1546
NZ_CP042858.1	ARO:3001048	TEM-188	99.071	861	8	0	4832718	4833578	861	1	0.0	1546
NZ_CP042858.1	ARO:3001074	SHV-15	99.071	861	8	0	2657721	2658581	1	861	0.0	1546
NZ_CP042858.1	ARO:3000888	TEM-17	99.071	861	8	0	4832718	4833578	861	1	0.0	1546
NZ_CP042858.1	ARO:3000934	TEM-67	99.071	861	8	0	4832718	4833578	861	1	0.0	1546
NZ_CP042858.1	ARO:3001191	SHV-152	99.184	858	7	0	2657721	2658578	1	858	0.0	1546
NZ_CP042858.1	ARO:3001002	TEM-138	99.071	861	8	0	4832718	4833578	861	1	0.0	1546
NZ_CP042858.1	ARO:3000944	TEM-78	99.071	861	8	0	4832718	4833578	861	1	0.0	1546
NZ_CP042858.1	ARO:3001119	SHV-64	99.071	861	8	0	2657721	2658581	1	861	0.0	1546
NZ_CP042858.1	ARO:3000887	TEM-16	99.071	861	8	0	4832718	4833578	861	1	0.0	1546
NZ_CP042858.1	ARO:3001109	SHV-52	99.071	861	8	0	2657721	2658581	1	861	0.0	1546
NZ_CP042858.1	ARO:3001351	SHV-183	98.958	864	6	1	2657721	2658581	1	864	0.0	1543
NZ_CP042858.1	ARO:3000986	TEM-124	99.071	861	5	1	4832718	4833578	858	1	0.0	1543
NZ_CP042858.1	ARO:3000881	TEM-9	98.955	861	9	0	4832718	4833578	861	1	0.0	1541
NZ_CP042858.1	ARO:3000876	TEM-4	98.955	861	9	0	4832718	4833578	861	1	0.0	1541
NZ_CP042858.1	ARO:3001203	SHV-165	99.068	858	8	0	2657721	2658578	1	858	0.0	1541
NZ_CP042858.1	ARO:3000880	TEM-8	98.955	861	9	0	4832718	4833578	861	1	0.0	1541
NZ_CP042858.1	ARO:3000917	TEM-48	98.955	861	9	0	4832718	4833578	861	1	0.0	1541
NZ_CP042858.1	ARO:3001375	TEM-184	98.955	861	9	0	4832718	4833578	861	1	0.0	1541
NZ_CP042858.1	ARO:3000994	TEM-130	98.955	861	9	0	4832718	4833578	861	1	0.0	1541
NZ_CP042858.1	ARO:3000952	TEM-85	98.955	861	9	0	4832718	4833578	861	1	0.0	1541
NZ_CP042858.1	ARO:3001016	TEM-149	98.955	861	9	0	4832718	4833578	861	1	0.0	1541
NZ_CP042858.1	ARO:3000977	TEM-114	98.955	861	9	0	4832718	4833578	861	1	0.0	1541
NZ_CP042858.1	ARO:3000998	TEM-134	98.955	861	9	0	4832718	4833578	861	1	0.0	1541
NZ_CP042858.1	ARO:3001111	SHV-55	98.955	861	9	0	2657721	2658581	1	861	0.0	1541
NZ_CP042858.1	ARO:3002660	APH(6)-Id	99.881	837	1	0	4612537	4613373	1	837	0.0	1541
NZ_CP042858.1	ARO:3002660	APH(6)-Id	99.881	837	1	0	5004289	5005125	1	837	0.0	1541
NZ_CP042858.1	ARO:3001019	TEM-152	98.955	861	9	0	4832718	4833578	861	1	0.0	1541
NZ_CP042858.1	ARO:3000931	TEM-63	98.955	861	9	0	4832718	4833578	861	1	0.0	1541
NZ_CP042858.1	ARO:3001005	TEM-142	98.955	861	9	0	4832718	4833578	861	1	0.0	1541
NZ_CP042858.1	ARO:3001104	SHV-46	98.955	861	9	0	2657721	2658581	1	861	0.0	1541
NZ_CP042858.1	ARO:3001101	SHV-43	98.955	861	9	0	2657721	2658581	1	861	0.0	1541
NZ_CP042858.1	ARO:3001176	SHV-129	98.955	861	9	0	2657721	2658581	1	861	0.0	1541
NZ_CP042858.1	ARO:3001018	TEM-151	98.955	861	9	0	4832718	4833578	861	1	0.0	1541
NZ_CP042858.1	ARO:3000959	TEM-92	98.955	861	9	0	4832718	4833578	861	1	0.0	1541
NZ_CP042858.1	ARO:3000938	TEM-72	98.955	861	9	0	4832718	4833578	861	1	0.0	1541
NZ_CP042858.1	ARO:3000995	TEM-131	98.839	861	10	0	4832718	4833578	861	1	0.0	1537
NZ_CP042858.1	ARO:3005255	TEM-224	98.839	861	10	0	4832718	4833578	861	1	0.0	1535
NZ_CP042858.1	ARO:3005248	SHV-200	98.839	861	10	0	2657721	2658581	1	861	0.0	1535
NZ_CP042858.1	ARO:3005258	TEM-227	98.839	861	10	0	4832718	4833578	861	1	0.0	1535
NZ_CP042858.1	ARO:3001396	OXA-1	100.000	831	0	0	4522085	4522915	1	831	0.0	1535
NZ_CP042858.1	ARO:3001396	OXA-1	100.000	831	0	0	4628187	4629017	1	831	0.0	1535
NZ_CP042858.1	ARO:3001033	TEM-167	98.839	861	10	0	4832718	4833578	861	1	0.0	1535
NZ_CP042858.1	ARO:3000953	TEM-86	98.839	861	10	0	4832718	4833578	861	1	0.0	1535
NZ_CP042858.1	ARO:3000961	TEM-94	98.839	861	10	0	4832718	4833578	861	1	0.0	1535
NZ_CP042858.1	ARO:3000964	TEM-101	98.839	861	10	0	4832718	4833578	861	1	0.0	1535
NZ_CP042858.1	ARO:3001204	SHV-167	99.409	846	5	0	2657721	2658566	1	846	0.0	1535
NZ_CP042858.1	ARO:3000918	TEM-49	98.839	861	10	0	4832718	4833578	861	1	0.0	1535
NZ_CP042858.1	ARO:3000976	TEM-113	98.839	861	10	0	4832718	4833578	861	1	0.0	1535
NZ_CP042858.1	ARO:3000892	TEM-21	98.951	858	9	0	4832721	4833578	858	1	0.0	1535
NZ_CP042858.1	ARO:3000893	TEM-22	98.951	858	9	0	4832721	4833578	858	1	0.0	1535
NZ_CP042858.1	ARO:3000983	TEM-121	98.839	861	10	0	4832718	4833578	861	1	0.0	1535
NZ_CP042858.1	ARO:3000954	TEM-87	98.839	861	10	0	4832718	4833578	861	1	0.0	1535
NZ_CP042858.1	ARO:3000965	TEM-102	98.839	861	10	0	4832718	4833578	861	1	0.0	1535
NZ_CP042858.1	ARO:3001047	TEM-187	98.950	857	9	0	4832722	4833578	857	1	0.0	1533
NZ_CP042858.1	ARO:3005996	OXA-796	99.880	831	1	0	4522085	4522915	1	831	0.0	1530
NZ_CP042858.1	ARO:3005996	OXA-796	99.880	831	1	0	4628187	4629017	1	831	0.0	1530
NZ_CP042858.1	ARO:3005764	OXA-534	99.880	831	1	0	4522085	4522915	1	831	0.0	1530
NZ_CP042858.1	ARO:3005764	OXA-534	99.880	831	1	0	4628187	4629017	1	831	0.0	1530
NZ_CP042858.1	ARO:3001907	CTX-M-45	98.288	876	9	4	4547007	4547882	1	870	0.0	1530
NZ_CP042858.1	ARO:3001388	TEM-211	98.722	861	11	0	4832718	4833578	861	1	0.0	1530
NZ_CP042858.1	ARO:3001042	TEM-177	98.722	861	11	0	4832718	4833578	861	1	0.0	1530
NZ_CP042858.1	ARO:3001382	TEM-205	98.834	858	10	0	4832721	4833578	858	1	0.0	1530
NZ_CP042858.1	ARO:3001028	TEM-162	98.722	861	11	0	4832718	4833578	861	1	0.0	1530
NZ_CP042858.1	ARO:3001793	OXA-320	99.880	831	1	0	4522085	4522915	1	831	0.0	1530
NZ_CP042858.1	ARO:3001793	OXA-320	99.880	831	1	0	4628187	4629017	1	831	0.0	1530
NZ_CP042858.1	ARO:3001175	SHV-128	98.722	861	11	0	2657721	2658581	1	861	0.0	1530
NZ_CP042858.1	ARO:3001058	TEM-199	98.944	852	9	0	4832718	4833569	852	1	0.0	1524
NZ_CP042858.1	ARO:3000987	TEM-125	98.606	861	12	0	4832718	4833578	861	1	0.0	1524
NZ_CP042858.1	ARO:3001399	OXA-4	99.759	831	2	0	4522085	4522915	1	831	0.0	1524
NZ_CP042858.1	ARO:3001399	OXA-4	99.759	831	2	0	4628187	4629017	1	831	0.0	1524
NZ_CP042858.1	ARO:3000985	TEM-123	98.606	861	9	1	4832718	4833578	858	1	0.0	1520
NZ_CP042858.1	ARO:3001806	OXA-224	99.639	831	3	0	4522085	4522915	1	831	0.0	1519
NZ_CP042858.1	ARO:3001806	OXA-224	99.639	831	3	0	4628187	4629017	1	831	0.0	1519
NZ_CP042858.1	ARO:3001425	OXA-31	99.639	831	3	0	4522085	4522915	1	831	0.0	1519
NZ_CP042858.1	ARO:3001425	OXA-31	99.639	831	3	0	4628187	4629017	1	831	0.0	1519
NZ_CP042858.1	ARO:3001055	TEM-195	98.374	861	14	0	4832718	4833578	861	1	0.0	1513
NZ_CP042858.1	ARO:3000929	TEM-60	98.258	861	15	0	4832718	4833578	861	1	0.0	1507
NZ_CP042858.1	ARO:3000412	sul2	100.000	816	0	0	4533484	4534299	1	816	0.0	1507
NZ_CP042858.1	ARO:3000412	sul2	100.000	816	0	0	4610858	4611673	1	816	0.0	1507
NZ_CP042858.1	ARO:3000412	sul2	100.000	816	0	0	5002610	5003425	1	816	0.0	1507
NZ_CP042858.1	ARO:3002354	NDM-3	100.000	813	0	0	4849280	4850092	1	813	0.0	1502
NZ_CP042858.1	ARO:3002354	NDM-3	100.000	813	0	0	4870738	4871550	1	813	0.0	1502
NZ_CP042858.1	ARO:3000911	TEM-42	98.814	843	10	0	4832727	4833569	843	1	0.0	1502
NZ_CP042858.1	ARO:3001068	SHV-9	98.142	861	13	1	2657721	2658581	1	858	0.0	1498
NZ_CP042858.1	ARO:3004870	NDM-27	99.877	813	1	0	4849280	4850092	1	813	0.0	1496
NZ_CP042858.1	ARO:3004870	NDM-27	99.877	813	1	0	4870738	4871550	1	813	0.0	1496
NZ_CP042858.1	ARO:3000589	NDM-1	99.877	813	1	0	4849280	4850092	1	813	0.0	1496
NZ_CP042858.1	ARO:3000589	NDM-1	99.877	813	1	0	4870738	4871550	1	813	0.0	1496
NZ_CP042858.1	ARO:3003182	NDM-13	99.877	813	1	0	4849280	4850092	1	813	0.0	1496
NZ_CP042858.1	ARO:3003182	NDM-13	99.877	813	1	0	4870738	4871550	1	813	0.0	1496
NZ_CP042858.1	ARO:3000928	TEM-59	99.158	831	7	0	4832748	4833578	831	1	0.0	1496
NZ_CP042858.1	ARO:3007447	NDM-47	99.754	813	2	0	4849280	4850092	1	813	0.0	1491
NZ_CP042858.1	ARO:3007447	NDM-47	99.754	813	2	0	4870738	4871550	1	813	0.0	1491
NZ_CP042858.1	ARO:3007443	NDM-44	99.754	813	2	0	4849280	4850092	1	813	0.0	1491
NZ_CP042858.1	ARO:3007443	NDM-44	99.754	813	2	0	4870738	4871550	1	813	0.0	1491
NZ_CP042858.1	ARO:3007219	NDM-42	99.754	813	2	0	4849280	4850092	1	813	0.0	1491
NZ_CP042858.1	ARO:3007219	NDM-42	99.754	813	2	0	4870738	4871550	1	813	0.0	1491
NZ_CP042858.1	ARO:3007217	NDM-40	99.754	813	2	0	4849280	4850092	1	813	0.0	1491
NZ_CP042858.1	ARO:3007217	NDM-40	99.754	813	2	0	4870738	4871550	1	813	0.0	1491
NZ_CP042858.1	ARO:3007215	NDM-38	99.754	813	2	0	4849280	4850092	1	813	0.0	1491
NZ_CP042858.1	ARO:3007215	NDM-38	99.754	813	2	0	4870738	4871550	1	813	0.0	1491
NZ_CP042858.1	ARO:3003664	NDM-16a	99.754	813	2	0	4849280	4850092	1	813	0.0	1491
NZ_CP042858.1	ARO:3003664	NDM-16a	99.754	813	2	0	4870738	4871550	1	813	0.0	1491
NZ_CP042858.1	ARO:3005701	NDM-31	99.754	813	2	0	4849280	4850092	1	813	0.0	1491
NZ_CP042858.1	ARO:3005701	NDM-31	99.754	813	2	0	4870738	4871550	1	813	0.0	1491
NZ_CP042858.1	ARO:3005700	NDM-30	99.754	813	2	0	4849280	4850092	1	813	0.0	1491
NZ_CP042858.1	ARO:3005700	NDM-30	99.754	813	2	0	4870738	4871550	1	813	0.0	1491
NZ_CP042858.1	ARO:3005131	NDM-29	99.754	813	2	0	4849280	4850092	1	813	0.0	1491
NZ_CP042858.1	ARO:3005131	NDM-29	99.754	813	2	0	4870738	4871550	1	813	0.0	1491
NZ_CP042858.1	ARO:3004865	NDM-22	99.754	813	2	0	4849280	4850092	1	813	0.0	1491
NZ_CP042858.1	ARO:3004865	NDM-22	99.754	813	2	0	4870738	4871550	1	813	0.0	1491
NZ_CP042858.1	ARO:3002361	NDM-11	99.754	813	2	0	4849280	4850092	1	813	0.0	1491
NZ_CP042858.1	ARO:3002361	NDM-11	99.754	813	2	0	4870738	4871550	1	813	0.0	1491
