NZ_CP157361.1	gb|CP007727.1|-|807206-809555|ARO:3005059|LptD	100.000	2349	0	0	4797664	4800012	1	2349	0.0	4338
NZ_CP157361.1	gb|FO203501.1|+|5123640-5125365|ARO:3005047|eptB	99.652	1725	6	0	218802	220526	1	1725	0.0	3153
NZ_CP157361.1	gb|FO834906.1|+|304977-306633|ARO:3005053|ArnT	99.819	1656	3	0	295867	297522	1	1656	0.0	3042
NZ_CP157361.1	gb|U00096.3|-|481253-484403|ARO:3000216|acrB	83.972	3157	485	18	4361057	4364201	1	3148	0.0	3007
NZ_CP157361.1	gb|U00096.3|-|481253-484403|ARO:3000216|acrB	76.976	582	121	9	1492852	1493425	1555	979	7.91e-84	320
NZ_CP157361.1	gb|U00096.3|-|481253-484403|ARO:3000216|acrB	76.681	476	101	10	72036	72506	1463	993	2.26e-64	255
NZ_CP157361.1	gb|CP133868.1|-|5051597-5053037|ARO:3007682|MdtQ	99.514	1440	7	0	1786454	1787893	1	1440	0.0	2621
NZ_CP157361.1	gb|U00096.1|+|2158385-2161463|ARO:3000794|mdtC	81.899	3055	545	8	1842261	1845311	3051	1	0.0	2571
NZ_CP157361.1	gb|U00096.1|+|2155262-2158385|ARO:3000793|mdtB	81.519	3133	559	17	1845312	1848434	3123	1	0.0	2560
NZ_CP157361.1	gb|AP009048.1|+|2586250-2589364|ARO:3000491|acrD	80.492	3127	584	25	1491290	1494403	3114	1	0.0	2372
NZ_CP157361.1	gb|AP009048.1|+|2586250-2589364|ARO:3000491|acrD	79.433	423	81	6	72021	72440	1478	1059	4.79e-76	294
NZ_CP157361.1	gb|ACWO01000051.1|+|22092-23265|ARO:3004588|Kpne_KpnG	99.488	1173	6	0	1182215	1183387	1173	1	0.0	2134
NZ_CP157361.1	gb|FO834906.1|-|2173974-2175099|ARO:3005044|OmpA	99.733	1125	3	0	3709588	3710712	1	1125	0.0	2061
NZ_CP157361.1	gb|AJ318073.1|+|793-1990|ARO:3004041|Kpne_acrA	97.744	1197	24	2	4359841	4361034	1	1197	0.0	2058
NZ_CP157361.1	gb|AJ011502.1|+|300-1425|ARO:3004122|Kpne_OmpK37	95.498	1155	22	15	3100067	3101221	1	1125	0.0	1818
NZ_CP157361.1	gb|AJ011502.1|+|300-1425|ARO:3004122|Kpne_OmpK37	75.835	389	72	13	4528242	4528613	1044	661	5.04e-41	178
NZ_CP157361.1	gb|KP050489.1|+|0-861|ARO:3001364|SHV-182	99.884	861	1	0	2931306	2932166	1	861	0.0	1585
NZ_CP157361.1	gb|JX121126.1|+|0-858|ARO:3001198|SHV-159	99.883	858	1	0	2931306	2932163	1	858	0.0	1580
NZ_CP157361.1	gb|JX121125.1|+|0-858|ARO:3001197|SHV-158	99.883	858	1	0	2931306	2932163	1	858	0.0	1580
NZ_CP157361.1	gb|X98101.1|+|73-934|ARO:3001070|SHV-11	99.768	861	2	0	2931306	2932166	1	861	0.0	1580
NZ_CP157361.1	gb|JX121122.1|+|0-858|ARO:3001194|SHV-155	99.883	856	1	0	2931306	2932161	1	856	0.0	1576
NZ_CP157361.1	gb|JX121123.1|+|0-861|ARO:3001195|SHV-156	99.652	861	3	0	2931306	2932166	1	861	0.0	1574
NZ_CP157361.1	gb|NG_068211.1|+|100-961|ARO:3001165|SHV-116	99.535	861	4	0	2931306	2932166	1	861	0.0	1568
NZ_CP157361.1	gb|NG_062300.1|+|0-861|ARO:3005247|SHV-228	99.535	861	4	0	2931306	2932166	1	861	0.0	1568
NZ_CP157361.1	gb|NG_062287.1|+|0-861|ARO:3005243|SHV-215	99.535	861	4	0	2931306	2932166	1	861	0.0	1568
NZ_CP157361.1	gb|NG_062299.1|+|0-861|ARO:3005233|SHV-227	99.535	861	4	0	2931306	2932166	1	861	0.0	1568
NZ_CP157361.1	gb|DQ013287.1|+|0-861|ARO:3001124|SHV-70	99.535	861	4	0	2931306	2932166	1	861	0.0	1568
NZ_CP157361.1	gb|LN515533.1|+|0-867|ARO:3003154|SHV-187	99.308	867	6	0	2931300	2932166	1	867	0.0	1568
NZ_CP157361.1	gb|AM941848.1|+|0-861|ARO:3001156|SHV-107	99.535	861	4	0	2931306	2932166	1	861	0.0	1568
NZ_CP157361.1	gb|AF164577.1|+|0-861|ARO:3001072|SHV-13	99.535	861	4	0	2931306	2932166	1	861	0.0	1568
NZ_CP157361.1	gb|AY277255.2|+|66-927|ARO:3001089|SHV-31	99.535	861	4	0	2931306	2932166	1	861	0.0	1568
NZ_CP157361.1	gb|KF513178.1|+|0-861|ARO:3001357|SHV-173	99.535	861	4	0	2931306	2932166	1	861	0.0	1568
NZ_CP157361.1	gb|AM176549.2|+|30-891|ARO:3001128|SHV-74	99.535	861	4	0	2931306	2932166	1	861	0.0	1568
NZ_CP157361.1	gb|AF208796.2|+|0-861|ARO:3001083|SHV-25	99.535	861	4	0	2931306	2932166	1	861	0.0	1568
NZ_CP157361.1	gb|AM176550.2|+|30-891|ARO:3001129|SHV-75	99.535	861	4	0	2931306	2932166	1	861	0.0	1568
NZ_CP157361.1	gb|KM233164.1|+|0-861|ARO:3003152|SHV-185	99.535	861	4	0	2931306	2932166	1	861	0.0	1568
NZ_CP157361.1	gb|DQ174307.1|+|4-865|ARO:3001122|SHV-67	99.535	861	4	0	2931306	2932166	1	861	0.0	1568
NZ_CP157361.1	gb|DQ174308.1|+|4-865|ARO:3001123|SHV-69	99.535	861	4	0	2931306	2932166	1	861	0.0	1568
NZ_CP157361.1	gb|MF804906.1|+|0-867|ARO:3005253|SHV-202	99.193	867	7	0	2931300	2932166	1	867	0.0	1563
NZ_CP157361.1	gb|NG_062285.1|+|0-861|ARO:3005251|SHV-213	99.419	861	5	0	2931306	2932166	1	861	0.0	1563
NZ_CP157361.1	gb|NG_062289.1|+|0-861|ARO:3005250|SHV-217	99.419	861	5	0	2931306	2932166	1	861	0.0	1563
NZ_CP157361.1	gb|NG_055668.1|+|0-861|ARO:3005249|SHV-203	99.419	861	5	0	2931306	2932166	1	861	0.0	1563
NZ_CP157361.1	gb|NG_062281.1|+|0-861|ARO:3005242|SHV-209	99.419	861	5	0	2931306	2932166	1	861	0.0	1563
NZ_CP157361.1	gb|NG_062296.1|+|0-861|ARO:3005240|SHV-224	99.419	861	5	0	2931306	2932166	1	861	0.0	1563
NZ_CP157361.1	gb|NG_062286.1|+|0-861|ARO:3005235|SHV-214	99.419	861	5	0	2931306	2932166	1	861	0.0	1563
NZ_CP157361.1	gb|NG_062280.1|+|0-861|ARO:3005226|SHV-208	99.419	861	5	0	2931306	2932166	1	861	0.0	1563
NZ_CP157361.1	gb|JQ926986.1|+|0-861|ARO:3001345|SHV-144	99.419	861	5	0	2931306	2932166	1	861	0.0	1563
NZ_CP157361.1	gb|AF293345.1|+|0-861|ARO:3001085|SHV-27	99.419	861	5	0	2931306	2932166	1	861	0.0	1563
NZ_CP157361.1	gb|AF299299.1|+|0-861|ARO:3001086|SHV-28	99.419	861	5	0	2931306	2932166	1	861	0.0	1563
NZ_CP157361.1	gb|AF535128.1|+|0-861|ARO:3001098|SHV-40	99.419	861	5	0	2931306	2932166	1	861	0.0	1563
NZ_CP157361.1	gb|HQ877615.1|+|0-861|ARO:3001159|SHV-110	99.419	861	5	0	2931306	2932166	1	861	0.0	1563
NZ_CP157361.1	gb|DQ322460.1|+|15-876|ARO:3001139|SHV-85	99.419	861	5	0	2931306	2932166	1	861	0.0	1563
NZ_CP157361.1	gb|AM941845.1|+|0-861|ARO:3001337|SHV-99	99.419	861	5	0	2931306	2932166	1	861	0.0	1563
NZ_CP157361.1	gb|AB302939.1|+|8-869|ARO:3001115|SHV-60	99.419	861	5	0	2931306	2932166	1	861	0.0	1563
NZ_CP157361.1	gb|EF373970.1|+|0-861|ARO:3001146|SHV-94	99.419	861	5	0	2931306	2932166	1	861	0.0	1563
NZ_CP157361.1	gb|AM176556.2|+|25-886|ARO:3001135|SHV-81	99.419	861	5	0	2931306	2932166	1	861	0.0	1563
NZ_CP157361.1	gb|KJ776406.1|+|16-877|ARO:3001340|SHV-119	99.419	861	5	0	2931306	2932166	1	861	0.0	1563
NZ_CP157361.1	gb|FJ668814.1|+|76-937|ARO:3001059|SHV-1	99.419	861	5	0	2931306	2932166	1	861	0.0	1563
NZ_CP157361.1	gb|AM176552.2|+|30-891|ARO:3001131|SHV-77	99.419	861	5	0	2931306	2932166	1	861	0.0	1563
NZ_CP157361.1	gb|EF373971.1|+|0-861|ARO:3001148|SHV-96	99.419	861	5	0	2931306	2932166	1	861	0.0	1563
NZ_CP157361.1	gb|KF513177.1|+|0-861|ARO:3001356|SHV-172	99.419	861	5	0	2931306	2932166	1	861	0.0	1563
NZ_CP157361.1	gb|HQ661363.1|+|71-932|ARO:3001181|SHV-137	99.419	861	5	0	2931306	2932166	1	861	0.0	1563
NZ_CP157361.1	gb|HQ661362.1|+|71-932|ARO:3001168|SHV-121	99.419	861	5	0	2931306	2932166	1	861	0.0	1563
NZ_CP157361.1	gb|AY070258.1|+|0-861|ARO:3001093|SHV-35	99.419	861	5	0	2931306	2932166	1	861	0.0	1563
NZ_CP157361.1	gb|AJ866284.2|+|0-861|ARO:3001116|SHV-61	99.419	861	5	0	2931306	2932166	1	861	0.0	1563
NZ_CP157361.1	gb|DQ193536.1|+|0-861|ARO:3001141|SHV-89	99.419	861	5	0	2931306	2932166	1	861	0.0	1563
NZ_CP157361.1	gb|EU586041.1|+|0-861|ARO:3001112|SHV-56	99.419	861	5	0	2931306	2932166	1	861	0.0	1563
NZ_CP157361.1	gb|KF976405.1|+|7837-8698|ARO:3001071|SHV-12	99.419	861	5	0	2931306	2932166	1	861	0.0	1563
NZ_CP157361.1	gb|AM176554.2|+|30-891|ARO:3001133|SHV-79	99.419	861	5	0	2931306	2932166	1	861	0.0	1563
NZ_CP157361.1	gb|AM176558.2|+|0-861|ARO:3001137|SHV-83	99.418	859	5	0	2931308	2932166	3	861	0.0	1559
NZ_CP157361.1	gb|NG_050009.1|+|100-961|ARO:3001341|SHV-132	99.303	861	6	0	2931306	2932166	1	861	0.0	1557
NZ_CP157361.1	gb|NG_050058.1|+|0-861|ARO:3005239|SHV-193	99.303	861	6	0	2931306	2932166	1	861	0.0	1557
NZ_CP157361.1	gb|NG_050059.1|+|0-861|ARO:3005237|SHV-1b-b	99.303	861	6	0	2931306	2932166	1	861	0.0	1557
NZ_CP157361.1	gb|NG_062279.1|+|0-861|ARO:3005236|SHV-207	99.303	861	6	0	2931306	2932166	1	861	0.0	1557
NZ_CP157361.1	gb|NG_055503.1|+|0-861|ARO:3005232|SHV-199	99.303	861	6	0	2931306	2932166	1	861	0.0	1557
NZ_CP157361.1	gb|NG_062291.1|+|0-861|ARO:3005231|SHV-219	99.303	861	6	0	2931306	2932166	1	861	0.0	1557
NZ_CP157361.1	gb|NG_051521.1|+|0-861|ARO:3005229|SHV-196	99.303	861	6	0	2931306	2932166	1	861	0.0	1557
NZ_CP157361.1	gb|NG_062298.1|+|0-861|ARO:3005228|SHV-226	99.303	861	6	0	2931306	2932166	1	861	0.0	1557
NZ_CP157361.1	gb|NG_062278.1|+|0-861|ARO:3005227|SHV-206	99.303	861	6	0	2931306	2932166	1	861	0.0	1557
NZ_CP157361.1	gb|NG_051169.1|+|0-861|ARO:3005223|SHV-194	99.303	861	6	0	2931306	2932166	1	861	0.0	1557
NZ_CP157361.1	gb|NG_062288.1|+|0-861|ARO:3005215|SHV-216	99.303	861	6	0	2931306	2932166	1	861	0.0	1557
NZ_CP157361.1	gb|NG_062284.1|+|0-861|ARO:3005212|SHV-212	99.303	861	6	0	2931306	2932166	1	861	0.0	1557
NZ_CP157361.1	gb|KF705208.1|+|0-861|ARO:3001362|SHV-179	99.303	861	6	0	2931306	2932166	1	861	0.0	1557
NZ_CP157361.1	gb|KF705209.1|+|0-861|ARO:3001361|SHV-178	99.303	861	6	0	2931306	2932166	1	861	0.0	1557
NZ_CP157361.1	gb|JX013655.1|+|0-861|ARO:3001185|SHV-145	99.303	861	6	0	2931306	2932166	1	861	0.0	1557
NZ_CP157361.1	gb|AY259119.1|+|116-977|ARO:3001102|SHV-44	99.303	861	6	0	2931306	2932166	1	861	0.0	1557
NZ_CP157361.1	gb|AM941844.1|+|0-861|ARO:3001336|SHV-98	99.303	861	6	0	2931306	2932166	1	861	0.0	1557
NZ_CP157361.1	gb|JX121127.1|+|0-861|ARO:3001199|SHV-160	99.303	861	6	0	2931306	2932166	1	861	0.0	1557
NZ_CP157361.1	gb|AB372881.1|+|8-869|ARO:3001160|SHV-111	99.303	861	6	0	2931306	2932166	1	861	0.0	1557
NZ_CP157361.1	gb|EF373972.1|+|0-861|ARO:3001147|SHV-95	99.303	861	6	0	2931306	2932166	1	861	0.0	1557
NZ_CP157361.1	gb|X98102.1|+|73-934|ARO:3001061|SHV-2A	99.303	861	6	0	2931306	2932166	1	861	0.0	1557
NZ_CP157361.1	gb|JQ341060.1|-|881-1742|ARO:3001344|SHV-143	99.303	861	6	0	2931306	2932166	1	861	0.0	1557
NZ_CP157361.1	gb|AY289548.1|+|0-861|ARO:3001108|SHV-51	99.303	861	6	0	2931306	2932166	1	861	0.0	1557
NZ_CP157361.1	gb|HQ637576.1|+|0-861|ARO:3001179|SHV-135	99.303	861	6	0	2931306	2932166	1	861	0.0	1557
NZ_CP157361.1	gb|AF227204.1|+|73-934|ARO:3001084|SHV-26	99.303	861	6	0	2931306	2932166	1	861	0.0	1557
NZ_CP157361.1	gb|AM176555.2|+|0-861|ARO:3001134|SHV-80	99.303	861	6	0	2931306	2932166	1	861	0.0	1557
NZ_CP157361.1	gb|DAGGWD010000033.1|+|85-946|ARO:3001077|SHV-19	99.303	861	6	0	2931306	2932166	1	861	0.0	1557
NZ_CP157361.1	gb|HM559945.1|+|0-861|ARO:3001178|SHV-134	99.303	861	6	0	2931306	2932166	1	861	0.0	1557
NZ_CP157361.1	gb|DQ174306.1|+|4-865|ARO:3001121|SHV-66	99.303	861	6	0	2931306	2932166	1	861	0.0	1557
NZ_CP157361.1	gb|EF373969.1|+|0-861|ARO:3001145|SHV-93	99.303	861	6	0	2931306	2932166	1	861	0.0	1557
NZ_CP157361.1	gb|JX268631.1|+|0-861|ARO:3001091|SHV-33	99.303	861	6	0	2931306	2932166	1	861	0.0	1557
NZ_CP157361.1	gb|JX121128.1|+|0-861|ARO:3001200|SHV-161	99.303	861	6	0	2931306	2932166	1	861	0.0	1557
NZ_CP157361.1	gb|JX121124.1|+|0-861|ARO:3001196|SHV-157	99.303	861	6	0	2931306	2932166	1	861	0.0	1557
NZ_CP157361.1	gb|AF226622.1|+|54-915|ARO:3001073|SHV-14	99.303	861	6	0	2931306	2932166	1	861	0.0	1557
NZ_CP157361.1	gb|EF373973.1|+|0-861|ARO:3001149|SHV-97	99.303	861	6	0	2931306	2932166	1	861	0.0	1557
NZ_CP157361.1	gb|AJ866285.2|+|0-861|ARO:3001117|SHV-62	99.303	861	6	0	2931306	2932166	1	861	0.0	1557
NZ_CP157361.1	gb|HM751100.1|+|0-861|ARO:3001157|SHV-108	99.303	861	6	0	2931306	2932166	1	861	0.0	1557
NZ_CP157361.1	gb|JQ029959.1|+|28-889|ARO:3001184|SHV-142	99.303	861	6	0	2931306	2932166	1	861	0.0	1557
NZ_CP157361.1	gb|AY079099.1|+|148-1009|ARO:3001096|SHV-38	99.303	861	6	0	2931306	2932166	1	861	0.0	1557
NZ_CP157361.1	gb|AF467947.1|+|0-861|ARO:3001094|SHV-36	99.303	861	6	0	2931306	2932166	1	861	0.0	1557
NZ_CP157361.1	gb|DAGOBI010000132.1|+|1383-2244|ARO:3001065|SHV-6	99.303	861	6	0	2931306	2932166	1	861	0.0	1557
NZ_CP157361.1	gb|AM176553.2|+|30-891|ARO:3001132|SHV-78	99.303	861	6	0	2931306	2932166	1	861	0.0	1557
NZ_CP157361.1	gb|AY037778.1|+|91-952|ARO:3001090|SHV-32	99.303	861	6	0	2931306	2932166	1	861	0.0	1557
NZ_CP157361.1	gb|EU155018.1|+|0-861|ARO:3001150|SHV-101	99.303	861	6	0	2931306	2932166	1	861	0.0	1557
NZ_CP157361.1	gb|AF535130.1|+|0-861|ARO:3001100|SHV-42	99.303	861	6	0	2931306	2932166	1	861	0.0	1557
NZ_CP157361.1	gb|EU274581.1|+|0-861|ARO:3001153|SHV-104	99.302	860	6	0	2931307	2932166	2	861	0.0	1555
NZ_CP157361.1	gb|JX121115.1|+|0-858|ARO:3001187|SHV-148	99.416	856	5	0	2931306	2932161	1	856	0.0	1554
NZ_CP157361.1	gb|NG_050057.1|+|0-861|ARO:3003591|SHV-191	99.187	861	7	0	2931306	2932166	1	861	0.0	1552
NZ_CP157361.1	gb|NG_068212.1|+|100-961|ARO:3001355|SHV-171	99.187	861	7	0	2931306	2932166	1	861	0.0	1552
NZ_CP157361.1	gb|NG_062297.1|+|0-861|ARO:3005241|SHV-225	99.187	861	7	0	2931306	2932166	1	861	0.0	1552
NZ_CP157361.1	gb|NG_062283.1|+|0-861|ARO:3005230|SHV-211	99.187	861	7	0	2931306	2932166	1	861	0.0	1552
NZ_CP157361.1	gb|NG_062282.1|+|0-861|ARO:3005225|SHV-210	99.187	861	7	0	2931306	2932166	1	861	0.0	1552
NZ_CP157361.1	gb|NG_057611.1|+|0-861|ARO:3005213|SHV-204	99.187	861	7	0	2931306	2932166	1	861	0.0	1552
NZ_CP157361.1	gb|NG_062244.1|+|0-861|ARO:3005211|SHV-201	99.187	861	7	0	2931306	2932166	1	861	0.0	1552
NZ_CP157361.1	gb|NG_051484.1|+|0-861|ARO:3005210|SHV-195	99.187	861	7	0	2931306	2932166	1	861	0.0	1552
NZ_CP157361.1	gb|NG_062276.1|+|0-861|ARO:3005207|SHV-205	99.187	861	7	0	2931306	2932166	1	861	0.0	1552
NZ_CP157361.1	gb|AY288915.1|+|0-861|ARO:3001107|SHV-50	99.187	861	7	0	2931306	2932166	1	861	0.0	1552
NZ_CP157361.1	gb|AF301532.1|+|7-868|ARO:3001087|SHV-29	99.187	861	7	0	2931306	2932166	1	861	0.0	1552
NZ_CP157361.1	gb|JF812965.1|+|0-861|ARO:3001167|SHV-120	99.187	861	7	0	2931306	2932166	1	861	0.0	1552
NZ_CP157361.1	gb|DQ328802.1|+|0-861|ARO:3001140|SHV-86	99.187	861	7	0	2931306	2932166	1	861	0.0	1552
NZ_CP157361.1	gb|DQ174305.1|+|4-865|ARO:3001120|SHV-65	99.187	861	7	0	2931306	2932166	1	861	0.0	1552
NZ_CP157361.1	gb|EU418913.1|+|16-877|ARO:3001158|SHV-109	99.187	861	7	0	2931306	2932166	1	861	0.0	1552
NZ_CP157361.1	gb|AY790341.1|+|0-861|ARO:3001114|SHV-59	99.187	861	7	0	2931306	2932166	1	861	0.0	1552
NZ_CP157361.1	gb|AM176546.2|+|0-861|ARO:3001125|SHV-71	99.187	861	7	0	2931306	2932166	1	861	0.0	1552
NZ_CP157361.1	gb|EU032604.1|+|0-861|ARO:3001152|SHV-103	99.187	861	7	0	2931306	2932166	1	861	0.0	1552
NZ_CP157361.1	gb|AF148851.1|+|5-866|ARO:3001060|SHV-2	99.187	861	7	0	2931306	2932166	1	861	0.0	1552
NZ_CP157361.1	gb|AM176551.2|+|30-891|ARO:3001130|SHV-76	99.187	861	7	0	2931306	2932166	1	861	0.0	1552
NZ_CP157361.1	gb|KM233165.1|+|0-861|ARO:3003153|SHV-186	99.187	861	7	0	2931306	2932166	1	861	0.0	1552
NZ_CP157361.1	gb|AM941847.1|+|0-861|ARO:3001155|SHV-106	99.187	861	7	0	2931306	2932166	1	861	0.0	1552
NZ_CP157361.1	gb|JQ388884.1|+|0-861|ARO:3001183|SHV-141	99.187	861	7	0	2931306	2932166	1	861	0.0	1552
NZ_CP157361.1	gb|AY223863.1|+|170-1031|ARO:3001113|SHV-57	99.187	861	7	0	2931306	2932166	1	861	0.0	1552
NZ_CP157361.1	gb|AF467948.1|+|0-861|ARO:3001095|SHV-37	99.187	861	7	0	2931306	2932166	1	861	0.0	1552
NZ_CP157361.1	gb|AM176557.2|+|0-861|ARO:3001136|SHV-82	99.187	861	7	0	2931306	2932166	1	861	0.0	1552
NZ_CP157361.1	gb|AY528718.1|+|413-1274|ARO:3001106|SHV-49	99.187	861	7	0	2931306	2932166	1	861	0.0	1552
NZ_CP157361.1	gb|AB551737.1|+|14-875|ARO:3001177|SHV-133	99.187	861	7	0	2931306	2932166	1	861	0.0	1552
NZ_CP157361.1	gb|U92041.1|+|0-861|ARO:3001067|SHV-8	99.187	861	7	0	2931306	2932166	1	861	0.0	1552
NZ_CP157361.1	gb|AJ011428.2|+|0-861|ARO:3001074|SHV-15	99.187	861	7	0	2931306	2932166	1	861	0.0	1552
NZ_CP157361.1	gb|KP050487.1|+|0-861|ARO:3001350|SHV-180	99.187	861	7	0	2931306	2932166	1	861	0.0	1552
NZ_CP157361.1	gb|HE981194.1|+|0-861|ARO:3001347|SHV-164	99.187	861	7	0	2931306	2932166	1	861	0.0	1552
NZ_CP157361.1	gb|JX121119.1|+|0-858|ARO:3001191|SHV-152	99.301	858	6	0	2931306	2932163	1	858	0.0	1552
NZ_CP157361.1	gb|DQ174304.1|+|4-865|ARO:3001119|SHV-64	99.187	861	7	0	2931306	2932166	1	861	0.0	1552
NZ_CP157361.1	gb|AB023477.1|+|0-861|ARO:3001082|SHV-24	99.187	861	7	0	2931306	2932166	1	861	0.0	1552
NZ_CP157361.1	gb|HG934764.1|+|0-864|ARO:3001351|SHV-183	99.074	864	5	1	2931306	2932166	1	864	0.0	1548
NZ_CP157361.1	gb|JN051143.1|+|0-861|ARO:3001182|SHV-140	99.185	859	7	0	2931308	2932166	3	861	0.0	1548
NZ_CP157361.1	gb|HM751103.1|+|0-864|ARO:3001169|SHV-122	99.074	864	5	3	2931306	2932166	1	864	0.0	1548
NZ_CP157361.1	gb|NG_067162.1|+|0-861|ARO:3001164|SHV-115	99.071	861	8	0	2931306	2932166	1	861	0.0	1546
NZ_CP157361.1	gb|NG_062293.1|+|0-861|ARO:3005252|SHV-221	99.071	861	8	0	2931306	2932166	1	861	0.0	1546
NZ_CP157361.1	gb|NG_052582.1|+|0-861|ARO:3005214|SHV-197	99.071	861	8	0	2931306	2932166	1	861	0.0	1546
NZ_CP157361.1	gb|NG_055284.1|+|0-861|ARO:3005209|SHV-198	99.071	861	8	0	2931306	2932166	1	861	0.0	1546
NZ_CP157361.1	gb|LT985229.1|+|36107-36968|ARO:3001063|SHV-4	99.071	861	8	0	2931306	2932166	1	861	0.0	1546
NZ_CP157361.1	gb|KX092356.1|+|192-1053|ARO:3001062|SHV-3	99.071	861	8	0	2931306	2932166	1	861	0.0	1546
NZ_CP157361.1	gb|KP050494.1|+|0-861|ARO:3003156|SHV-189	99.071	861	8	0	2931306	2932166	1	861	0.0	1546
NZ_CP157361.1	gb|X55640.1|+|111-972|ARO:3001064|SHV-5	99.071	861	8	0	2931306	2932166	1	861	0.0	1546
NZ_CP157361.1	gb|DAGGVK010000093.1|+|2639-3500|ARO:3001138|SHV-84	99.071	861	8	0	2931306	2932166	1	861	0.0	1546
NZ_CP157361.1	gb|JX121121.1|+|0-858|ARO:3001193|SHV-154	99.184	858	7	0	2931306	2932163	1	858	0.0	1546
NZ_CP157361.1	gb|AF547625.1|+|0-861|ARO:3001103|SHV-45	99.071	861	8	0	2931306	2932166	1	861	0.0	1546
NZ_CP157361.1	gb|AY263404.1|+|0-861|ARO:3001105|SHV-48	99.071	861	8	0	2931306	2932166	1	861	0.0	1546
NZ_CP157361.1	gb|EU342351.1|+|172-1033|ARO:3001118|SHV-63	99.071	861	8	0	2931306	2932166	1	861	0.0	1546
NZ_CP157361.1	gb|JX121114.1|+|0-858|ARO:3001186|SHV-147	99.184	858	7	0	2931306	2932163	1	858	0.0	1546
NZ_CP157361.1	gb|JX870080.1|+|0-861|ARO:3001352|SHV-168	99.071	861	8	0	2931306	2932166	1	861	0.0	1546
NZ_CP157361.1	gb|AJ863560.2|+|0-861|ARO:3001111|SHV-55	99.071	861	8	0	2931306	2932166	1	861	0.0	1546
NZ_CP157361.1	gb|JX121117.1|+|0-858|ARO:3001189|SHV-150	99.184	858	7	0	2931306	2932163	1	858	0.0	1546
NZ_CP157361.1	gb|AY065991.1|+|6-867|ARO:3001101|SHV-43	99.071	861	8	0	2931306	2932166	1	861	0.0	1546
NZ_CP157361.1	gb|EU024485.1|+|0-861|ARO:3001151|SHV-102	99.071	861	8	0	2931306	2932166	1	861	0.0	1546
NZ_CP157361.1	gb|AM176547.2|+|30-891|ARO:3001126|SHV-72	99.071	861	8	0	2931306	2932166	1	861	0.0	1546
NZ_CP157361.1	gb|GU827715.1|+|0-861|ARO:3001176|SHV-129	99.071	861	8	0	2931306	2932166	1	861	0.0	1546
NZ_CP157361.1	gb|AY661885.1|+|48-909|ARO:3001088|SHV-30	99.071	861	8	0	2931306	2932166	1	861	0.0	1546
NZ_CP157361.1	gb|DQ836922.1|+|0-861|ARO:3001144|SHV-92	99.071	861	8	0	2931306	2932166	1	861	0.0	1546
NZ_CP157361.1	gb|AF535129.1|+|0-861|ARO:3001099|SHV-41	99.071	861	8	0	2931306	2932166	1	861	0.0	1546
NZ_CP157361.1	gb|JX121130.1|+|0-858|ARO:3001202|SHV-163	99.182	856	7	0	2931306	2932161	1	856	0.0	1543
NZ_CP157361.1	gb|NG_050056.1|+|0-861|ARO:3003590|SHV-190	98.955	861	9	0	2931306	2932166	1	861	0.0	1541
NZ_CP157361.1	gb|NG_050020.1|+|0-861|ARO:3001346|SHV-146	98.955	861	9	0	2931306	2932166	1	861	0.0	1541
NZ_CP157361.1	gb|NG_055588.1|+|0-861|ARO:3005248|SHV-200	98.955	861	9	0	2931306	2932166	1	861	0.0	1541
NZ_CP157361.1	gb|NG_062290.1|+|0-861|ARO:3005238|SHV-218	98.955	861	9	0	2931306	2932166	1	861	0.0	1541
NZ_CP157361.1	gb|NG_062295.1|+|0-861|ARO:3005234|SHV-223	98.955	861	9	0	2931306	2932166	1	861	0.0	1541
NZ_CP157361.1	gb|NG_062292.1|+|0-861|ARO:3005224|SHV-220	98.955	861	9	0	2931306	2932166	1	861	0.0	1541
NZ_CP157361.1	gb|NG_062294.1|+|0-861|ARO:3005208|SHV-222	98.955	861	9	0	2931306	2932166	1	861	0.0	1541
NZ_CP157361.1	gb|U20270.1|+|124-985|ARO:3001066|SHV-7	98.955	861	9	0	2931306	2932166	1	861	0.0	1541
NZ_CP157361.1	gb|JX121118.1|+|0-858|ARO:3001190|SHV-151	99.068	858	8	0	2931306	2932163	1	858	0.0	1541
NZ_CP157361.1	gb|AY036620.1|+|88-949|ARO:3001092|SHV-34	98.955	861	9	0	2931306	2932166	1	861	0.0	1541
NZ_CP157361.1	gb|JX121116.1|+|0-858|ARO:3001188|SHV-149	99.068	858	8	0	2931306	2932163	1	858	0.0	1541
NZ_CP157361.1	gb|JX121120.1|+|0-858|ARO:3001192|SHV-153	99.068	858	8	0	2931306	2932163	1	858	0.0	1541
NZ_CP157361.1	gb|LN515534.1|+|0-873|ARO:3003155|SHV-188	98.625	873	6	1	2931300	2932166	1	873	0.0	1541
NZ_CP157361.1	gb|AF132290.1|+|87-948|ARO:3001076|SHV-18	98.955	861	9	0	2931306	2932166	1	861	0.0	1541
NZ_CP157361.1	gb|HQ845196.1|+|0-861|ARO:3001109|SHV-52	98.955	861	9	0	2931306	2932166	1	861	0.0	1541
NZ_CP157361.1	gb|JX121131.1|+|0-858|ARO:3001203|SHV-165	98.951	858	9	0	2931306	2932163	1	858	0.0	1535
NZ_CP157361.1	gb|AY210887.1|+|111-972|ARO:3001104|SHV-46	98.839	861	10	0	2931306	2932166	1	861	0.0	1535
NZ_CP157361.1	gb|JX121129.1|+|0-858|ARO:3001201|SHV-162	98.951	858	9	0	2931306	2932163	1	858	0.0	1535
NZ_CP157361.1	gb|GU932590.1|+|0-861|ARO:3001175|SHV-128	98.839	861	10	0	2931306	2932166	1	861	0.0	1535
NZ_CP157361.1	gb|FJ194944.1|+|46-907|ARO:3001154|SHV-105	98.839	861	10	0	2931306	2932166	1	861	0.0	1535
NZ_CP157361.1	gb|AM176548.2|+|16-874|ARO:3001127|SHV-73	99.062	853	8	0	2931314	2932166	6	858	0.0	1531
NZ_CP157361.1	gb|AB733453.1|+|3-849|ARO:3001204|SHV-167	99.054	846	8	0	2931306	2932151	1	846	0.0	1519
NZ_CP157361.1	gb|S82452.1|+|120-978|ARO:3001068|SHV-9	98.026	861	14	1	2931306	2932166	1	858	0.0	1493
NZ_CP157361.1	gb|ASTU01000063.1|+|61248-62787|ARO:3004597|Kpne_KpnH	84.187	1543	236	6	1180661	1182199	1539	1	0.0	1491
NZ_CP157361.1	gb|U00096.1|+|2812615-2814154|ARO:3000074|emrB	84.156	1540	242	2	1180661	1182199	1539	1	0.0	1491
NZ_CP157361.1	gb|AF072684.2|+|117-993|ARO:3001075|SHV-16	97.377	877	6	3	2931306	2932166	1	876	0.0	1476
NZ_CP157361.1	gb|GQ390807.1|+|0-813|ARO:3001172|SHV-125	99.016	813	8	0	2931306	2932118	1	813	0.0	1458
NZ_CP157361.1	gb|GQ390809.1|+|0-813|ARO:3001174|SHV-127	98.893	813	9	0	2931306	2932118	1	813	0.0	1452
NZ_CP157361.1	gb|GQ390808.1|+|0-813|ARO:3001173|SHV-126	98.893	813	9	0	2931306	2932118	1	813	0.0	1452
NZ_CP157361.1	gb|GQ390806.1|+|0-813|ARO:3001171|SHV-124	98.893	813	9	0	2931306	2932118	1	813	0.0	1452
NZ_CP157361.1	gb|GQ390805.1|+|0-813|ARO:3001170|SHV-123	98.770	813	10	0	2931306	2932118	1	813	0.0	1447
NZ_CP157361.1	gb|NG_049352.1|+|100-961|ARO:3006956|OHIO-1	96.875	864	21	6	2931306	2932166	1	861	0.0	1441
NZ_CP157361.1	gb|AF156486.1|+|5012-5792|ARO:3002602|aadA2	100.000	780	0	0	3242719	3243498	780	1	0.0	1441
NZ_CP157361.1	gb|AF047479.2|+|1295-2087|ARO:3002603|aadA3	98.987	790	8	0	3242721	3243510	790	1	0.0	1415
NZ_CP157361.1	gb|NG_070893.1|+|0-861|ARO:3006863|AAK-1	96.262	856	32	0	2931306	2932161	1	856	0.0	1404
NZ_CP157361.1	gb|AM941846.1|+|0-900|ARO:3001338|SHV-100	99.481	770	4	0	2931397	2932166	131	900	0.0	1400
NZ_CP157361.1	gb|AM941846.1|+|0-900|ARO:3001338|SHV-100	98.496	133	2	0	2931306	2931438	1	133	2.95e-58	235
NZ_CP157361.1	gb|AF117744.1|+|0-780|ARO:3001078|SHV-20	98.974	780	8	0	2931336	2932115	1	780	0.0	1397
NZ_CP157361.1	gb|AF117746.1|+|0-780|ARO:3001080|SHV-22	98.846	780	9	0	2931336	2932115	1	780	0.0	1391
NZ_CP157361.1	gb|AF117745.1|+|0-780|ARO:3001079|SHV-21	98.846	780	9	0	2931336	2932115	1	780	0.0	1391
NZ_CP157361.1	gb|AF117747.1|+|0-780|ARO:3001081|SHV-23	98.718	780	10	0	2931336	2932115	1	780	0.0	1386
NZ_CP157361.1	gb|AY139603.1|+|106-898|ARO:3002608|aadA8	96.962	790	24	0	3242721	3243510	790	1	0.0	1327
NZ_CP157361.1	gb|AY590467.1|+|1-727|ARO:3001110|SHV-53	99.449	726	4	0	2931327	2932052	1	726	0.0	1319
NZ_CP157361.1	gb|AM040708.1|+|1173-1965|ARO:3004704|aadA8b	96.709	790	26	0	3242721	3243510	790	1	0.0	1315
NZ_CP157361.1	gb|AE004091.2|-|2850882-2854014|ARO:3004074|MuxB	74.927	3103	658	100	1845360	1848402	3048	6	0.0	1310
NZ_CP157361.1	gb|FJ460181.2|+|1790-2582|ARO:3002617|aadA17	96.086	792	31	0	3242719	3243510	792	1	0.0	1291
NZ_CP157361.1	gb|CP003022.1|+|336788-337580|ARO:3003197|aadA25	95.696	790	34	0	3242721	3243510	790	1	0.0	1271
NZ_CP157361.1	gb|FJ381668.1|+|56-848|ARO:3002612|aadA12	95.076	792	39	0	3242719	3243510	792	1	0.0	1247
NZ_CP157361.1	gb|NG_067155.1|+|0-861|ARO:3006152|OKP-C-1	92.575	862	62	2	2931306	2932166	1	861	0.0	1236
NZ_CP157361.1	gb|MK161461.1|+|0-861|ARO:3004844|LEN-41	91.647	862	70	2	2931306	2932166	1	861	0.0	1192
NZ_CP157361.1	gb|MK161459.1|+|0-861|ARO:3004843|LEN-40	91.415	862	72	2	2931306	2932166	1	861	0.0	1181
NZ_CP157361.1	gb|U00096.1|+|3415032-3418137|ARO:3000502|AcrF	73.906	3131	732	71	4361065	4364153	10	3097	0.0	1177
NZ_CP157361.1	gb|FLES01000010.1|+|120291-121152|ARO:3002461|LEN-11	91.299	862	73	2	2931306	2932166	1	861	0.0	1175
NZ_CP157361.1	gb|AM850912.2|+|0-861|ARO:3002469|LEN-22	91.299	862	73	2	2931306	2932166	1	861	0.0	1175
NZ_CP157361.1	gb|AM850909.2|+|0-861|ARO:3002466|LEN-19	91.299	862	73	2	2931306	2932166	1	861	0.0	1175
NZ_CP157361.1	gb|QIXO01000012.1|-|30208-31069|ARO:3002462|LEN-12	91.299	862	73	2	2931306	2932166	1	861	0.0	1175
NZ_CP157361.1	gb|AY037780.1|+|88-949|ARO:3002455|LEN-2	91.299	862	73	2	2931306	2932166	1	861	0.0	1175
NZ_CP157361.1	gb|BA000007.3|-|4903688-4905062|ARO:3000830|cpxA	82.198	1365	241	2	5528518	5529881	1	1364	0.0	1173
NZ_CP157361.1	gb|NG_060510.1|+|100-961|ARO:3006933|LEN-28	91.183	862	74	2	2931306	2932166	1	861	0.0	1170
NZ_CP157361.1	gb|FWOA01000001.1|-|576795-577656|ARO:3004838|LEN-30	91.183	862	74	2	2931306	2932166	1	861	0.0	1170
NZ_CP157361.1	gb|MK161460.1|+|0-861|ARO:3004846|LEN-43	91.183	862	74	2	2931306	2932166	1	861	0.0	1170
NZ_CP157361.1	gb|DQ149134.1|+|0-861|ARO:3002473|LEN-17	91.183	862	74	2	2931306	2932166	1	861	0.0	1170
NZ_CP157361.1	gb|AY633109.1|+|0-861|ARO:3002456|LEN-5	91.183	862	74	2	2931306	2932166	1	861	0.0	1170
NZ_CP157361.1	gb|AM850910.2|+|0-861|ARO:3002467|LEN-20	91.183	862	74	2	2931306	2932166	1	861	0.0	1170
NZ_CP157361.1	gb|AM850911.2|+|0-861|ARO:3002468|LEN-21	91.183	862	74	2	2931306	2932166	1	861	0.0	1170
NZ_CP157361.1	gb|NG_068509.1|+|100-961|ARO:3006932|LEN-27	91.067	862	75	2	2931306	2932166	1	861	0.0	1164
NZ_CP157361.1	gb|KR738738.1|+|0-861|ARO:3004828|LEN-36	91.067	862	75	2	2931306	2932166	1	861	0.0	1164
NZ_CP157361.1	gb|CXPB01000032.1|+|60038-60899|ARO:3004840|LEN-34	91.078	863	73	4	2931306	2932166	1	861	0.0	1164
NZ_CP157361.1	gb|UKAA01000001.1|-|322202-323063|ARO:3004849|LEN-58	91.067	862	75	2	2931306	2932166	1	861	0.0	1164
NZ_CP157361.1	gb|AM850914.2|+|30-891|ARO:3002471|LEN-24	91.067	862	75	2	2931306	2932166	1	861	0.0	1164
NZ_CP157361.1	gb|CXPA01000063.1|+|153489-154350|ARO:3002457|LEN-7	91.067	862	75	2	2931306	2932166	1	861	0.0	1164
NZ_CP157361.1	gb|AM850908.2|+|0-861|ARO:3002465|LEN-18	91.067	862	75	2	2931306	2932166	1	861	0.0	1164
NZ_CP157361.1	gb|CP001891.1|+|2841996-2842857|ARO:3002463|LEN-13	91.067	862	75	2	2931306	2932166	1	861	0.0	1164
NZ_CP157361.1	gb|AY743416.1|+|67-928|ARO:3002464|LEN-16	91.067	862	75	2	2931306	2932166	1	861	0.0	1164
NZ_CP157361.1	gb|CP016344.1|+|2782791-2783652|ARO:3002459|LEN-9	91.067	862	75	2	2931306	2932166	1	861	0.0	1164
NZ_CP157361.1	gb|NG_050605.1|+|100-961|ARO:3006934|LEN-31	90.951	862	76	2	2931306	2932166	1	861	0.0	1158
NZ_CP157361.1	gb|MK161458.1|+|0-861|ARO:3004842|LEN-39	90.951	862	76	2	2931306	2932166	1	861	0.0	1158
NZ_CP157361.1	gb|MK161457.1|+|0-861|ARO:3004841|LEN-38	90.951	862	76	2	2931306	2932166	1	861	0.0	1158
NZ_CP157361.1	gb|KR738737.1|+|0-861|ARO:3004827|LEN-35	90.962	863	74	4	2931306	2932166	1	861	0.0	1158
NZ_CP157361.1	gb|NLDD01000006.1|+|119723-120584|ARO:3004848|LEN-55	90.951	862	76	2	2931306	2932166	1	861	0.0	1158
NZ_CP157361.1	gb|CP033631.1|+|3042328-3043189|ARO:3004847|LEN-51	90.951	862	76	2	2931306	2932166	1	861	0.0	1158
NZ_CP157361.1	gb|CBBA010000184.1|+|3395-4256|ARO:3002460|LEN-10	90.951	862	76	2	2931306	2932166	1	861	0.0	1158
NZ_CP157361.1	gb|CDMV01000010.1|+|131908-132769|ARO:3004839|LEN-32	90.835	862	77	2	2931306	2932166	1	861	0.0	1153
NZ_CP157361.1	gb|HQ709169.1|+|0-861|ARO:3002479|LEN-25	90.835	862	77	2	2931306	2932166	1	861	0.0	1153
NZ_CP157361.1	gb|MK161462.1|+|0-861|ARO:3004845|LEN-42	90.835	862	77	2	2931306	2932166	1	861	0.0	1153
NZ_CP157361.1	gb|AM850913.2|+|0-861|ARO:3002470|LEN-23	90.835	862	77	2	2931306	2932166	1	861	0.0	1153
NZ_CP157361.1	gb|KR738739.1|+|0-861|ARO:3004829|LEN-37	90.719	862	78	2	2931306	2932166	1	861	0.0	1147
NZ_CP157361.1	gb|DQ393783.1|+|1799-2591|ARO:3002615|aadA15	92.803	792	57	0	3242719	3243510	792	1	0.0	1147
NZ_CP157361.1	gb|CEGG01000030.1|+|7354-8215|ARO:3002458|LEN-8	90.719	862	78	2	2931306	2932166	1	861	0.0	1147
NZ_CP157361.1	gb|JX124390.1|+|0-861|ARO:3002474|LEN-26	90.603	862	79	2	2931306	2932166	1	861	0.0	1142
NZ_CP157361.1	gb|AF452105.1|+|0-840|ARO:3002478|LEN-15	90.855	842	74	3	2931306	2932146	1	840	0.0	1125
NZ_CP157361.1	gb|AY130287.1|+|1-823|ARO:3002472|LEN-4	91.241	822	70	2	2931328	2932148	2	822	0.0	1118
NZ_CP157361.1	gb|X04515.1|+|285-1125|ARO:3002454|LEN-1	90.618	842	76	3	2931306	2932146	1	840	0.0	1114
NZ_CP157361.1	gb|AY130286.1|+|1-823|ARO:3002475|LEN-3	91.119	822	71	2	2931328	2932148	2	822	0.0	1112
NZ_CP157361.1	gb|AM261837.1|+|73-865|ARO:3002619|aadA22	92.278	777	60	0	3242734	3243510	777	1	0.0	1103
NZ_CP157361.1	gb|AY171244.1|+|46-838|ARO:3002618|aadA21	91.646	790	66	0	3242721	3243510	790	1	0.0	1094
NZ_CP157361.1	gb|AJ809407.1|+|118-898|ARO:3002620|aadA23	91.645	778	65	0	3242721	3243498	778	1	0.0	1077
NZ_CP157361.1	gb|DQ677333.1|+|0-780|ARO:3002621|aadA24	91.131	778	69	0	3242721	3243498	778	1	0.0	1055
NZ_CP157361.1	gb|FJ534513.1|+|0-861|ARO:3002430|OKP-A-13	88.399	862	98	2	2931306	2932166	1	861	0.0	1037
NZ_CP157361.1	gb|AM850915.2|+|19-880|ARO:3002428|OKP-A-11	88.413	863	96	4	2931306	2932166	1	861	0.0	1037
NZ_CP157361.1	gb|JF969163.1|+|1053-1893|ARO:3000410|sul1	100.000	559	0	0	3241656	3242214	559	1	0.0	1033
NZ_CP157361.1	gb|FJ755840.1|+|0-861|ARO:3002433|OKP-A-16	88.181	863	98	4	2931306	2932166	1	861	0.0	1026
NZ_CP157361.1	gb|AM850919.2|+|24-885|ARO:3002450|OKP-B-17	88.167	862	100	2	2931306	2932166	1	861	0.0	1026
NZ_CP157361.1	gb|AM850918.2|+|24-885|ARO:3002438|OKP-B-5	88.167	862	100	2	2931306	2932166	1	861	0.0	1026
NZ_CP157361.1	gb|FJ534512.1|+|0-861|ARO:3002431|OKP-A-14	88.167	862	100	2	2931306	2932166	1	861	0.0	1026
NZ_CP157361.1	gb|AM850916.2|+|18-879|ARO:3002429|OKP-A-12	88.181	863	98	4	2931306	2932166	1	861	0.0	1026
NZ_CP157361.1	gb|NG_049361.1|+|100-961|ARO:3006141|OKP-A-17	88.167	862	98	4	2931306	2932165	1	860	0.0	1024
NZ_CP157361.1	gb|AJ635401.2|+|0-861|ARO:3002418|OKP-A-1	88.153	861	100	2	2931306	2932165	1	860	0.0	1024
NZ_CP157361.1	gb|AM051143.1|+|0-861|ARO:3002422|OKP-A-5	88.167	862	98	4	2931306	2932165	1	860	0.0	1024
NZ_CP157361.1	gb|AM051153.1|+|0-861|ARO:3002437|OKP-B-4	88.153	861	100	2	2931306	2932165	1	860	0.0	1024
NZ_CP157361.1	gb|AM051140.1|+|0-861|ARO:3002420|OKP-A-3	88.167	862	98	4	2931306	2932165	1	860	0.0	1024
NZ_CP157361.1	gb|NG_067146.1|+|0-861|ARO:3006142|OKP-B-16	88.051	862	101	2	2931306	2932166	1	861	0.0	1020
NZ_CP157361.1	gb|AM850917.2|+|17-878|ARO:3002439|OKP-B-6	88.051	862	101	2	2931306	2932166	1	861	0.0	1020
NZ_CP157361.1	gb|NG_067148.1|+|100-961|ARO:3006144|OKP-B-22	88.037	861	101	2	2931306	2932165	1	860	0.0	1018
NZ_CP157361.1	gb|AM051142.1|+|0-861|ARO:3002421|OKP-A-4	88.037	861	101	2	2931306	2932165	1	860	0.0	1018
NZ_CP157361.1	gb|AM051147.1|+|0-861|ARO:3002425|OKP-A-8	88.037	861	101	2	2931306	2932165	1	860	0.0	1018
NZ_CP157361.1	gb|AJ635404.2|+|0-861|ARO:3002419|OKP-A-2	88.037	861	101	2	2931306	2932165	1	860	0.0	1018
NZ_CP157361.1	gb|AM051148.1|+|0-861|ARO:3002426|OKP-A-9	88.051	862	99	4	2931306	2932165	1	860	0.0	1018
NZ_CP157361.1	gb|AM051152.1|+|0-861|ARO:3002436|OKP-B-3	88.037	861	101	2	2931306	2932165	1	860	0.0	1018
NZ_CP157361.1	gb|AM850922.2|+|24-885|ARO:3002453|OKP-B-20	87.935	862	102	2	2931306	2932166	1	861	0.0	1014
NZ_CP157361.1	gb|AY825330.1|+|0-861|ARO:3002446|OKP-B-13	87.935	862	102	2	2931306	2932166	1	861	0.0	1014
NZ_CP157361.1	gb|NG_067151.1|+|100-961|ARO:3006148|OKP-B-36	87.935	862	100	4	2931306	2932165	1	860	0.0	1013
NZ_CP157361.1	gb|AM051149.1|+|0-861|ARO:3002427|OKP-A-10	87.935	862	100	4	2931306	2932165	1	860	0.0	1013
NZ_CP157361.1	gb|AM051157.1|+|0-861|ARO:3002441|OKP-B-8	87.921	861	102	2	2931306	2932165	1	860	0.0	1013
NZ_CP157361.1	gb|AM051151.1|+|0-861|ARO:3002435|OKP-B-2	87.921	861	102	2	2931306	2932165	1	860	0.0	1013
NZ_CP157361.1	gb|AM051159.1|+|0-861|ARO:3002442|OKP-B-9	87.921	861	102	2	2931306	2932165	1	860	0.0	1013
NZ_CP157361.1	gb|AM850921.2|+|24-885|ARO:3002452|OKP-B-19	87.819	862	103	2	2931306	2932166	1	861	0.0	1009
NZ_CP157361.1	gb|NG_067154.1|+|100-961|ARO:3006151|OKP-B-45	87.805	861	103	2	2931306	2932165	1	860	0.0	1007
NZ_CP157361.1	gb|NG_067152.1|+|100-961|ARO:3006149|OKP-B-40	87.805	861	103	2	2931306	2932165	1	860	0.0	1007
NZ_CP157361.1	gb|AM051144.1|+|0-861|ARO:3002423|OKP-A-6	87.833	863	99	6	2931306	2932165	1	860	0.0	1007
NZ_CP157361.1	gb|AM051156.1|+|0-861|ARO:3002440|OKP-B-7	87.805	861	103	2	2931306	2932165	1	860	0.0	1007
NZ_CP157361.1	gb|AJ635402.2|+|0-861|ARO:3002434|OKP-B-1	87.805	861	103	2	2931306	2932165	1	860	0.0	1007
NZ_CP157361.1	gb|NG_067149.1|+|0-861|ARO:3006146|OKP-B-24	87.703	862	104	2	2931306	2932166	1	861	0.0	1003
NZ_CP157361.1	gb|NG_067150.1|+|100-961|ARO:3006147|OKP-B-34	87.689	861	104	2	2931306	2932165	1	860	0.0	1002
NZ_CP157361.1	gb|NG_050606.1|+|100-961|ARO:3006145|OKP-B-23	87.689	861	104	2	2931306	2932165	1	860	0.0	1002
NZ_CP157361.1	gb|NG_067147.1|+|100-961|ARO:3006143|OKP-B-21	87.689	861	104	2	2931306	2932165	1	860	0.0	1002
NZ_CP157361.1	gb|AM051161.1|+|0-861|ARO:3002444|OKP-B-11	87.703	862	102	4	2931306	2932165	1	860	0.0	1002
NZ_CP157361.1	gb|AF550679.1|-|80976-81768|ARO:3002601|aadA	89.494	790	83	0	3242721	3243510	790	1	0.0	1000
NZ_CP157361.1	gb|NG_067156.1|+|0-861|ARO:3006153|OKP-D-1	87.601	863	103	4	2931306	2932166	1	861	0.0	998
NZ_CP157361.1	gb|AM850920.1|+|40-901|ARO:3002451|OKP-B-18	87.587	862	105	2	2931306	2932166	1	861	0.0	998
NZ_CP157361.1	gb|AM051146.1|+|0-861|ARO:3002424|OKP-A-7	87.587	862	103	4	2931306	2932165	1	860	0.0	996
NZ_CP157361.1	gb|AM051160.1|+|0-861|ARO:3002443|OKP-B-10	87.573	861	105	2	2931306	2932165	1	860	0.0	996
NZ_CP157361.1	gb|NG_067153.1|+|100-961|ARO:3006150|OKP-B-41	87.456	861	106	2	2931306	2932165	1	860	0.0	990
NZ_CP157361.1	gb|FJ768952.1|+|0-1488|ARO:3000237|TolC	79.176	1407	273	17	697048	698441	1400	1	0.0	957
NZ_CP157361.1	gb|DQ995288.1|+|2-827|ARO:3002447|OKP-B-14	87.470	822	101	2	2931328	2932148	5	825	0.0	946
NZ_CP157361.1	gb|FJ755841.1|+|0-846|ARO:3002432|OKP-A-15	86.659	862	98	11	2931306	2932166	1	846	0.0	939
NZ_CP157361.1	gb|DQ679966.1|+|299-1493|ARO:3004042|Eclo_acrA	80.817	1199	220	9	4359841	4361034	1	1194	0.0	931
NZ_CP157361.1	gb|EU746499.1|+|639-1437|ARO:3002613|aadA13	87.359	799	100	1	3242712	3243510	798	1	0.0	915
NZ_CP157361.1	gb|AJ635420.1|+|0-789|ARO:3002445|OKP-B-12	87.468	790	95	4	2931343	2932130	2	789	0.0	907
NZ_CP157361.1	gb|U00096.3|-|2306971-2308615|ARO:3003952|YojI	76.211	1652	369	21	1717195	1718834	1	1640	0.0	852
NZ_CP157361.1	gb|U00096.3|-|484425-485619|ARO:3004043|Ecol_acrA	79.056	1165	236	8	4359841	4361001	1	1161	0.0	793
NZ_CP157361.1	gb|NC_004337.2|-|420956-422150|ARO:3007509|Sfle_acrA	78.884	1165	238	8	4359841	4361001	1	1161	0.0	782
NZ_CP157361.1	gb|JQ394987.1|+|0-1233|ARO:3001328|Ecol_mdfA	78.846	1144	232	10	3880645	3881783	1139	1	0.0	763
NZ_CP157361.1	gb|AP009048.1|-|4153663-4154296|ARO:3000518|CRP	88.152	633	75	0	407268	407900	633	1	0.0	754
NZ_CP157361.1	gb|KU254579.1|+|59421-59841|ARO:3004111|FosA6	98.810	420	5	0	4958656	4959075	420	1	0.0	749
NZ_CP157361.1	gb|KP143090.1|-|1199-1619|ARO:3003209|fosA5	98.544	412	6	0	4958664	4959075	412	1	0.0	728
NZ_CP157361.1	gb|AP006725.1|+|2483889-2484252|ARO:3004580|Kpne_KpnE	99.449	363	2	0	2972499	2972861	363	1	0.0	660
NZ_CP157361.1	gb|AY265890.1|+|1-472|ARO:3002476|LEN-6	91.720	471	39	0	2931327	2931797	1	471	0.0	654
NZ_CP157361.1	gb|U49101.1|+|1490-1838|ARO:3005010|qacEdelta1	100.000	348	0	0	3242208	3242555	348	1	0.0	643
NZ_CP157361.1	gb|AY265889.1|+|2-458|ARO:3002477|LEN-14	91.009	456	41	0	2931333	2931788	1	456	9.01e-173	616
NZ_CP157361.1	gb|AP006725.1|+|2484238-2484568|ARO:3004583|Kpne_KpnF	100.000	330	0	0	2972183	2972512	330	1	4.19e-171	610
NZ_CP157361.1	gb|AJ252200.1|+|1278-4401|ARO:3003056|smeE	73.861	1515	341	51	1492908	1494395	1496	10	7.16e-154	553
NZ_CP157361.1	gb|AE004091.2|-|2847775-2850886|ARO:3004075|MuxC	74.401	1418	300	52	1843842	1845224	1476	87	9.27e-153	549
NZ_CP157361.1	gb|HQ730118.1|+|5174-5507|ARO:3005009|qacE	99.291	282	2	0	3242274	3242555	282	1	4.37e-141	510
NZ_CP157361.1	gb|AY758206.1|+|2743-3589|ARO:3002611|aadA11	77.899	828	172	7	3242672	3243490	846	21	2.03e-139	505
NZ_CP157361.1	gb|AF453998.2|+|3554-4946|ARO:3002598|ANT3II_ANT6II	79.167	720	148	2	3242772	3243490	739	21	3.40e-137	497
NZ_CP157361.1	gb|AM087405.1|+|1748-2582|ARO:3002622|aadA6/aadA10	79.167	720	148	2	3242772	3243490	739	21	3.40e-137	497
NZ_CP157361.1	gb|AM087411.1|+|1611-2457|ARO:3002606|aadA6	77.630	827	176	6	3242672	3243490	846	21	4.40e-136	494
NZ_CP157361.1	gb|L11616.1|+|1569-4710|ARO:3000378|MexB	75.297	1093	227	36	1492854	1493923	1553	481	9.53e-133	483
NZ_CP157361.1	gb|U00096.1|+|3660413-3663527|ARO:3000796|mdtF	71.048	2138	564	47	456305	458415	3071	962	2.67e-128	468
NZ_CP157361.1	gb|BA000007.3|-|1737690-1738104|ARO:3000676|H-NS	87.438	406	49	2	2299069	2299473	405	1	9.60e-128	466
NZ_CP157361.1	gb|EU675686.2|+|3196-4042|ARO:3002616|aadA16	76.895	831	175	13	3242672	3243490	846	21	2.08e-124	455
NZ_CP157361.1	gb|AB114632.1|+|655-1453|ARO:3002607|aadA7	77.298	718	155	8	3242777	3243490	734	21	9.81e-113	416
NZ_CP157361.1	gb|KR091911.1|-|74564-75350|ARO:3002578|AAC(6')-Ib7	99.539	217	1	0	3243510	3243726	217	1	1.28e-106	396
NZ_CP157361.1	gb|AB015853.1|+|1330-4471|ARO:3003033|mexY	77.778	396	82	6	1492994	1493386	1407	1015	2.28e-59	239
NZ_CP157361.1	gb|AB015853.1|+|1330-4471|ARO:3003033|mexY	76.329	414	88	10	4362031	4362439	972	1380	1.38e-51	213
NZ_CP157363.1	gb|EF418608.1|+|9-885|ARO:3001926|CTX-M-65	100.000	876	0	0	40533	41408	876	1	0.0	1618
NZ_CP157363.1	gb|KJ020574.1|+|244-1120|ARO:3002006|CTX-M-148	99.886	876	1	0	40533	41408	876	1	0.0	1613
NZ_CP157363.1	gb|FJ907381.1|+|0-876|ARO:3001950|CTX-M-90	99.886	876	1	0	40533	41408	876	1	0.0	1613
NZ_CP157363.1	gb|AY143430.1|+|0-876|ARO:3001886|CTX-M-24	99.886	876	1	0	40533	41408	876	1	0.0	1613
NZ_CP157363.1	gb|NG_052902.1|+|0-876|ARO:3005619|CTX-M-196	99.772	876	2	0	40533	41408	876	1	0.0	1607
NZ_CP157363.1	gb|HM803271.1|+|0-876|ARO:3001958|CTX-M-99	99.772	876	2	0	40533	41408	876	1	0.0	1607
NZ_CP157363.1	gb|AF252622.2|+|1740-2616|ARO:3001877|CTX-M-14	99.772	876	2	0	40533	41408	876	1	0.0	1607
NZ_CP157363.1	gb|EU545409.1|+|80-956|ARO:3001947|CTX-M-87	99.772	876	2	0	40533	41408	876	1	0.0	1607
NZ_CP157363.1	gb|HM755448.1|+|244-1120|ARO:3001957|CTX-M-98	99.772	876	2	0	40533	41408	876	1	0.0	1607
NZ_CP157363.1	gb|JN790863.1|+|232-1108|ARO:3001981|CTX-M-122	99.772	876	2	0	40533	41408	876	1	0.0	1607
NZ_CP157363.1	gb|KF513180.1|+|0-876|ARO:3002005|CTX-M-147	99.772	876	2	0	40533	41408	876	1	0.0	1607
NZ_CP157363.1	gb|JQ724542.1|+|174-1050|ARO:3001984|CTX-M-125	99.772	876	2	0	40533	41408	876	1	0.0	1607
NZ_CP157363.1	gb|NG_068169.1|+|0-876|ARO:3005658|CTX-M-235	99.658	876	3	0	40533	41408	876	1	0.0	1602
NZ_CP157363.1	gb|NG_063838.1|+|0-876|ARO:3005638|CTX-M-215	99.658	876	3	0	40533	41408	876	1	0.0	1602
NZ_CP157363.1	gb|NG_055502.1|+|0-876|ARO:3005624|CTX-M-201	99.658	876	3	0	40533	41408	876	1	0.0	1602
NZ_CP157363.1	gb|NG_054687.1|+|0-876|ARO:3005621|CTX-M-198	99.658	876	3	0	40533	41408	876	1	0.0	1602
NZ_CP157363.1	gb|NG_056165.1|+|0-876|ARO:3005614|CTX-M-191	99.658	876	3	0	40533	41408	876	1	0.0	1602
NZ_CP157363.1	gb|NG_048953.1|+|0-876|ARO:3005591|CTX-M-168	99.658	876	3	0	40533	41408	876	1	0.0	1602
NZ_CP157363.1	gb|NG_068166.1|+|100-976|ARO:3001998|CTX-M-140	99.658	876	3	0	40533	41408	876	1	0.0	1602
NZ_CP157363.1	gb|HQ833652.1|+|235-1111|ARO:3001963|CTX-M-104	99.658	876	3	0	40533	41408	876	1	0.0	1602
NZ_CP157363.1	gb|FJ214366.1|+|0-876|ARO:3001944|CTX-M-83	99.658	876	3	0	40533	41408	876	1	0.0	1602
NZ_CP157363.1	gb|JF274243.1|+|0-876|ARO:3001971|CTX-M-111	99.658	876	3	0	40533	41408	876	1	0.0	1602
NZ_CP157363.1	gb|AY156923.1|+|0-876|ARO:3001889|CTX-M-27	99.658	876	3	0	40533	41408	876	1	0.0	1602
NZ_CP157363.1	gb|FJ214367.1|+|0-876|ARO:3001945|CTX-M-84	99.658	876	3	0	40533	41408	876	1	0.0	1602
NZ_CP157363.1	gb|FJ214368.1|+|0-876|ARO:3002495|CTX-M-85	99.658	876	3	0	40533	41408	876	1	0.0	1602
NZ_CP157363.1	gb|EF581888.1|+|0-876|ARO:3001928|CTX-M-67	99.658	876	3	0	40533	41408	876	1	0.0	1602
NZ_CP157363.1	gb|HQ833651.1|+|244-1120|ARO:3001965|CTX-M-105	99.658	876	3	0	40533	41408	876	1	0.0	1602
NZ_CP157363.1	gb|FJ214369.1|+|0-876|ARO:3001946|CTX-M-86	99.658	876	3	0	40533	41408	876	1	0.0	1602
NZ_CP157363.1	gb|JF274247.1|+|0-876|ARO:3001973|CTX-M-113	99.658	876	3	0	40533	41408	876	1	0.0	1602
NZ_CP157363.1	gb|AY847144.1|+|81-957|ARO:3001910|CTX-M-48	99.658	876	3	0	40533	41408	876	1	0.0	1602
NZ_CP157363.1	gb|AY847143.1|+|82-958|ARO:3001909|CTX-M-47	99.658	876	3	0	40533	41408	876	1	0.0	1602
NZ_CP157363.1	gb|AY822595.1|+|22-898|ARO:3001900|CTX-M-38	99.658	876	3	0	40533	41408	876	1	0.0	1602
NZ_CP157363.1	gb|AF325134.1|+|0-876|ARO:3001881|CTX-M-19	99.658	876	3	0	40533	41408	876	1	0.0	1602
NZ_CP157363.1	gb|AY847146.1|+|82-958|ARO:3001912|CTX-M-50	99.658	876	3	0	40533	41408	876	1	0.0	1602
NZ_CP157363.1	gb|JF274246.1|+|0-876|ARO:3001972|CTX-M-112	99.658	876	3	0	40533	41408	876	1	0.0	1602
NZ_CP157363.1	gb|NG_049025.1|+|100-976|ARO:3001934|CTX-M-73	99.657	874	3	0	40535	41408	874	1	0.0	1598
NZ_CP157363.1	gb|KP128034.1|+|0-876|ARO:3003169|CTX-M-161	99.543	876	4	0	40533	41408	876	1	0.0	1598
NZ_CP157363.1	gb|NG_070784.1|+|0-876|ARO:3005665|CTX-M-242	99.543	876	4	0	40533	41408	876	1	0.0	1596
NZ_CP157363.1	gb|NG_070733.1|+|0-876|ARO:3005663|CTX-M-240	99.543	876	4	0	40533	41408	876	1	0.0	1596
NZ_CP157363.1	gb|NG_067142.1|+|0-876|ARO:3005656|CTX-M-233	99.543	876	4	0	40533	41408	876	1	0.0	1596
NZ_CP157363.1	gb|NG_052901.1|+|0-876|ARO:3005618|CTX-M-195	99.543	876	4	0	40533	41408	876	1	0.0	1596
NZ_CP157363.1	gb|NG_056166.1|+|0-876|ARO:3005615|CTX-M-192	99.543	876	4	0	40533	41408	876	1	0.0	1596
NZ_CP157363.1	gb|NG_048959.1|+|0-876|ARO:3005597|CTX-M-174	99.543	876	4	0	40533	41408	876	1	0.0	1596
NZ_CP157363.1	gb|JX017364.1|+|238-1114|ARO:3001988|CTX-M-129	99.543	876	4	0	40533	41408	876	1	0.0	1596
NZ_CP157363.1	gb|AY033516.1|+|2835-3711|ARO:3001880|CTX-M-17	99.543	876	4	0	40533	41408	876	1	0.0	1596
NZ_CP157363.1	gb|JX896165.1|+|0-876|ARO:3001992|CTX-M-134	99.543	876	4	0	40533	41408	876	1	0.0	1596
NZ_CP157363.1	gb|HQ166709.1|+|0-876|ARO:3001953|CTX-M-93	99.543	876	4	0	40533	41408	876	1	0.0	1596
NZ_CP157363.1	gb|HQ398215.1|+|244-1120|ARO:3001961|CTX-M-102	99.543	876	4	0	40533	41408	876	1	0.0	1596
NZ_CP157363.1	gb|AY847145.1|+|81-957|ARO:3001911|CTX-M-49	99.543	876	4	0	40533	41408	876	1	0.0	1596
NZ_CP157363.1	gb|AB976602.1|+|135-1011|ARO:3003167|CTX-M-159	99.543	876	4	0	40533	41408	876	1	0.0	1596
NZ_CP157363.1	gb|AB703103.1|+|0-876|ARO:3001985|CTX-M-126	99.543	876	4	0	40533	41408	876	1	0.0	1596
NZ_CP157363.1	gb|JN790862.1|+|244-1120|ARO:3001980|CTX-M-121	99.543	876	4	0	40533	41408	876	1	0.0	1596
NZ_CP157363.1	gb|NG_070732.1|+|0-876|ARO:3005662|CTX-M-239	99.429	876	5	0	40533	41408	876	1	0.0	1591
NZ_CP157363.1	gb|NG_062275.1|+|0-876|ARO:3005646|CTX-M-223	99.429	876	5	0	40533	41408	876	1	0.0	1591
NZ_CP157363.1	gb|NG_057473.1|+|0-876|ARO:3005636|CTX-M-213	99.429	876	5	0	40533	41408	876	1	0.0	1591
NZ_CP157363.1	gb|DQ211987.1|+|0-876|ARO:3001913|CTX-M-51	99.429	876	5	0	40533	41408	876	1	0.0	1591
NZ_CP157363.1	gb|JF274242.1|+|1-877|ARO:3001970|CTX-M-110	99.655	870	3	0	40539	41408	870	1	0.0	1591
NZ_CP157363.1	gb|AY847147.1|+|81-957|ARO:3001908|CTX-M-46	99.429	876	5	0	40533	41408	876	1	0.0	1591
NZ_CP157363.1	gb|KF976405.1|+|7837-8698|ARO:3001071|SHV-12	100.000	861	0	0	3772	4632	1	861	0.0	1591
NZ_CP157363.1	gb|JX017365.1|+|244-1120|ARO:3001989|CTX-M-130	99.429	876	5	0	40533	41408	876	1	0.0	1591
NZ_CP157363.1	gb|JX121127.1|+|0-861|ARO:3001199|SHV-160	99.884	861	1	0	3772	4632	1	861	0.0	1585
NZ_CP157363.1	gb|HQ913565.1|+|0-870|ARO:3001966|CTX-M-106	99.540	870	4	0	40539	41408	870	1	0.0	1585
NZ_CP157363.1	gb|AF252623.2|+|0-876|ARO:3001876|CTX-M-13	99.315	876	6	0	40533	41408	876	1	0.0	1585
NZ_CP157363.1	gb|HM559945.1|+|0-861|ARO:3001178|SHV-134	99.884	861	1	0	3772	4632	1	861	0.0	1585
NZ_CP157363.1	gb|DQ174306.1|+|4-865|ARO:3001121|SHV-66	99.884	861	1	0	3772	4632	1	861	0.0	1585
NZ_CP157363.1	gb|EU136031.3|+|0-876|ARO:3001942|CTX-M-81	99.315	876	6	0	40533	41408	876	1	0.0	1585
NZ_CP157363.1	gb|AF174129.1|+|6335-7211|ARO:3001872|CTX-M-9	99.315	876	6	0	40533	41408	876	1	0.0	1585
NZ_CP157363.1	gb|NG_059336.1|+|100-976|ARO:3005642|CTX-M-219	99.201	876	7	0	40533	41408	876	1	0.0	1580
NZ_CP157363.1	gb|NG_057483.1|+|0-876|ARO:3005637|CTX-M-214	99.201	876	7	0	40533	41408	876	1	0.0	1580
NZ_CP157363.1	gb|AY029068.1|+|0-876|ARO:3001879|CTX-M-16	99.201	876	7	0	40533	41408	876	1	0.0	1580
NZ_CP157363.1	gb|DQ328802.1|+|0-861|ARO:3001140|SHV-86	99.768	861	2	0	3772	4632	1	861	0.0	1580
NZ_CP157363.1	gb|AJ011428.2|+|0-861|ARO:3001074|SHV-15	99.768	861	2	0	3772	4632	1	861	0.0	1580
NZ_CP157363.1	gb|DQ174304.1|+|4-865|ARO:3001119|SHV-64	99.768	861	2	0	3772	4632	1	861	0.0	1580
NZ_CP157363.1	gb|HG934764.1|+|0-864|ARO:3001351|SHV-183	99.653	864	0	1	3772	4632	1	864	0.0	1576
NZ_CP157363.1	gb|NG_070739.1|+|0-876|ARO:3006195|KPC-66	99.201	876	1	1	117187	118056	1	876	0.0	1574
NZ_CP157363.1	gb|NG_070734.1|+|0-870|ARO:3005664|CTX-M-241	99.201	876	1	1	40533	41408	870	1	0.0	1574
NZ_CP157363.1	gb|NG_062300.1|+|0-861|ARO:3005247|SHV-228	99.652	861	3	0	3772	4632	1	861	0.0	1574
NZ_CP157363.1	gb|X55640.1|+|111-972|ARO:3001064|SHV-5	99.652	861	3	0	3772	4632	1	861	0.0	1574
NZ_CP157363.1	gb|DQ013287.1|+|0-861|ARO:3001124|SHV-70	99.652	861	3	0	3772	4632	1	861	0.0	1574
NZ_CP157363.1	gb|X98102.1|+|73-934|ARO:3001061|SHV-2A	99.652	861	3	0	3772	4632	1	861	0.0	1574
NZ_CP157363.1	gb|AF164577.1|+|0-861|ARO:3001072|SHV-13	99.652	861	3	0	3772	4632	1	861	0.0	1574
NZ_CP157363.1	gb|AY277255.2|+|66-927|ARO:3001089|SHV-31	99.652	861	3	0	3772	4632	1	861	0.0	1574
NZ_CP157363.1	gb|GU827715.1|+|0-861|ARO:3001176|SHV-129	99.652	861	3	0	3772	4632	1	861	0.0	1574
NZ_CP157363.1	gb|X98101.1|+|73-934|ARO:3001070|SHV-11	99.652	861	3	0	3772	4632	1	861	0.0	1574
NZ_CP157363.1	gb|NG_062285.1|+|0-861|ARO:3005251|SHV-213	99.535	861	4	0	3772	4632	1	861	0.0	1568
NZ_CP157363.1	gb|NG_055668.1|+|0-861|ARO:3005249|SHV-203	99.535	861	4	0	3772	4632	1	861	0.0	1568
NZ_CP157363.1	gb|NG_055588.1|+|0-861|ARO:3005248|SHV-200	99.535	861	4	0	3772	4632	1	861	0.0	1568
NZ_CP157363.1	gb|JF812965.1|+|0-861|ARO:3001167|SHV-120	99.535	861	4	0	3772	4632	1	861	0.0	1568
NZ_CP157363.1	gb|AB302939.1|+|8-869|ARO:3001115|SHV-60	99.535	861	4	0	3772	4632	1	861	0.0	1568
NZ_CP157363.1	gb|AF148851.1|+|5-866|ARO:3001060|SHV-2	99.535	861	4	0	3772	4632	1	861	0.0	1568
NZ_CP157363.1	gb|FJ668814.1|+|76-937|ARO:3001059|SHV-1	99.535	861	4	0	3772	4632	1	861	0.0	1568
NZ_CP157363.1	gb|KF513177.1|+|0-861|ARO:3001356|SHV-172	99.535	861	4	0	3772	4632	1	861	0.0	1568
NZ_CP157363.1	gb|AJ866284.2|+|0-861|ARO:3001116|SHV-61	99.535	861	4	0	3772	4632	1	861	0.0	1568
NZ_CP157363.1	gb|NG_068211.1|+|100-961|ARO:3001165|SHV-116	99.419	861	5	0	3772	4632	1	861	0.0	1563
NZ_CP157363.1	gb|NG_067162.1|+|0-861|ARO:3001164|SHV-115	99.419	861	5	0	3772	4632	1	861	0.0	1563
NZ_CP157363.1	gb|NG_062287.1|+|0-861|ARO:3005243|SHV-215	99.419	861	5	0	3772	4632	1	861	0.0	1563
NZ_CP157363.1	gb|NG_050058.1|+|0-861|ARO:3005239|SHV-193	99.419	861	5	0	3772	4632	1	861	0.0	1563
NZ_CP157363.1	gb|NG_062299.1|+|0-861|ARO:3005233|SHV-227	99.419	861	5	0	3772	4632	1	861	0.0	1563
NZ_CP157363.1	gb|NG_055503.1|+|0-861|ARO:3005232|SHV-199	99.419	861	5	0	3772	4632	1	861	0.0	1563
NZ_CP157363.1	gb|NG_062298.1|+|0-861|ARO:3005228|SHV-226	99.419	861	5	0	3772	4632	1	861	0.0	1563
NZ_CP157363.1	gb|NG_051169.1|+|0-861|ARO:3005223|SHV-194	99.419	861	5	0	3772	4632	1	861	0.0	1563
NZ_CP157363.1	gb|LT985229.1|+|36107-36968|ARO:3001063|SHV-4	99.419	861	5	0	3772	4632	1	861	0.0	1563
NZ_CP157363.1	gb|KF705208.1|+|0-861|ARO:3001362|SHV-179	99.419	861	5	0	3772	4632	1	861	0.0	1563
NZ_CP157363.1	gb|JX121131.1|+|0-858|ARO:3001203|SHV-165	99.534	858	4	0	3772	4629	1	858	0.0	1563
NZ_CP157363.1	gb|KF705209.1|+|0-861|ARO:3001361|SHV-178	99.419	861	5	0	3772	4632	1	861	0.0	1563
NZ_CP157363.1	gb|JX013655.1|+|0-861|ARO:3001185|SHV-145	99.419	861	5	0	3772	4632	1	861	0.0	1563
NZ_CP157363.1	gb|AM941844.1|+|0-861|ARO:3001336|SHV-98	99.419	861	5	0	3772	4632	1	861	0.0	1563
NZ_CP157363.1	gb|JX121121.1|+|0-858|ARO:3001193|SHV-154	99.534	858	4	0	3772	4629	1	858	0.0	1563
NZ_CP157363.1	gb|AF547625.1|+|0-861|ARO:3001103|SHV-45	99.419	861	5	0	3772	4632	1	861	0.0	1563
NZ_CP157363.1	gb|LN515533.1|+|0-867|ARO:3003154|SHV-187	99.193	867	7	0	3766	4632	1	867	0.0	1563
NZ_CP157363.1	gb|AM941848.1|+|0-861|ARO:3001156|SHV-107	99.419	861	5	0	3772	4632	1	861	0.0	1563
NZ_CP157363.1	gb|HQ637576.1|+|0-861|ARO:3001179|SHV-135	99.419	861	5	0	3772	4632	1	861	0.0	1563
NZ_CP157363.1	gb|AF227204.1|+|73-934|ARO:3001084|SHV-26	99.419	861	5	0	3772	4632	1	861	0.0	1563
NZ_CP157363.1	gb|AM176555.2|+|0-861|ARO:3001134|SHV-80	99.419	861	5	0	3772	4632	1	861	0.0	1563
NZ_CP157363.1	gb|KF513178.1|+|0-861|ARO:3001357|SHV-173	99.419	861	5	0	3772	4632	1	861	0.0	1563
NZ_CP157363.1	gb|AM176549.2|+|30-891|ARO:3001128|SHV-74	99.419	861	5	0	3772	4632	1	861	0.0	1563
NZ_CP157363.1	gb|AF208796.2|+|0-861|ARO:3001083|SHV-25	99.419	861	5	0	3772	4632	1	861	0.0	1563
NZ_CP157363.1	gb|JX121128.1|+|0-861|ARO:3001200|SHV-161	99.419	861	5	0	3772	4632	1	861	0.0	1563
NZ_CP157363.1	gb|AY210887.1|+|111-972|ARO:3001104|SHV-46	99.419	861	5	0	3772	4632	1	861	0.0	1563
NZ_CP157363.1	gb|EF373973.1|+|0-861|ARO:3001149|SHV-97	99.419	861	5	0	3772	4632	1	861	0.0	1563
NZ_CP157363.1	gb|JQ029959.1|+|28-889|ARO:3001184|SHV-142	99.419	861	5	0	3772	4632	1	861	0.0	1563
NZ_CP157363.1	gb|KM233164.1|+|0-861|ARO:3003152|SHV-185	99.419	861	5	0	3772	4632	1	861	0.0	1563
NZ_CP157363.1	gb|DQ174307.1|+|4-865|ARO:3001122|SHV-67	99.419	861	5	0	3772	4632	1	861	0.0	1563
NZ_CP157363.1	gb|DQ174308.1|+|4-865|ARO:3001123|SHV-69	99.419	861	5	0	3772	4632	1	861	0.0	1563
NZ_CP157363.1	gb|AF467947.1|+|0-861|ARO:3001094|SHV-36	99.419	861	5	0	3772	4632	1	861	0.0	1563
NZ_CP157363.1	gb|AM176553.2|+|30-891|ARO:3001132|SHV-78	99.419	861	5	0	3772	4632	1	861	0.0	1563
NZ_CP157363.1	gb|GU932590.1|+|0-861|ARO:3001175|SHV-128	99.419	861	5	0	3772	4632	1	861	0.0	1563
NZ_CP157363.1	gb|EU274581.1|+|0-861|ARO:3001153|SHV-104	99.419	860	5	0	3773	4632	2	861	0.0	1561
NZ_CP157363.1	gb|JX121122.1|+|0-858|ARO:3001194|SHV-155	99.533	856	4	0	3772	4627	1	856	0.0	1559
NZ_CP157363.1	gb|JX121115.1|+|0-858|ARO:3001187|SHV-148	99.533	856	4	0	3772	4627	1	856	0.0	1559
NZ_CP157363.1	gb|AJ416346.1|+|556-1432|ARO:3001883|CTX-M-21	98.856	874	10	0	40535	41408	874	1	0.0	1559
NZ_CP157363.1	gb|NG_050020.1|+|0-861|ARO:3001346|SHV-146	99.303	861	6	0	3772	4632	1	861	0.0	1557
NZ_CP157363.1	gb|MF804906.1|+|0-867|ARO:3005253|SHV-202	99.077	867	8	0	3766	4632	1	867	0.0	1557
NZ_CP157363.1	gb|NG_062289.1|+|0-861|ARO:3005250|SHV-217	99.303	861	6	0	3772	4632	1	861	0.0	1557
NZ_CP157363.1	gb|NG_062281.1|+|0-861|ARO:3005242|SHV-209	99.303	861	6	0	3772	4632	1	861	0.0	1557
NZ_CP157363.1	gb|NG_062297.1|+|0-861|ARO:3005241|SHV-225	99.303	861	6	0	3772	4632	1	861	0.0	1557
NZ_CP157363.1	gb|NG_062296.1|+|0-861|ARO:3005240|SHV-224	99.303	861	6	0	3772	4632	1	861	0.0	1557
NZ_CP157363.1	gb|NG_062283.1|+|0-861|ARO:3005230|SHV-211	99.303	861	6	0	3772	4632	1	861	0.0	1557
NZ_CP157363.1	gb|NG_062282.1|+|0-861|ARO:3005225|SHV-210	99.303	861	6	0	3772	4632	1	861	0.0	1557
NZ_CP157363.1	gb|NG_062244.1|+|0-861|ARO:3005211|SHV-201	99.303	861	6	0	3772	4632	1	861	0.0	1557
NZ_CP157363.1	gb|U20270.1|+|124-985|ARO:3001066|SHV-7	99.303	861	6	0	3772	4632	1	861	0.0	1557
NZ_CP157363.1	gb|JQ926986.1|+|0-861|ARO:3001345|SHV-144	99.303	861	6	0	3772	4632	1	861	0.0	1557
NZ_CP157363.1	gb|AY288915.1|+|0-861|ARO:3001107|SHV-50	99.303	861	6	0	3772	4632	1	861	0.0	1557
NZ_CP157363.1	gb|AF293345.1|+|0-861|ARO:3001085|SHV-27	99.303	861	6	0	3772	4632	1	861	0.0	1557
NZ_CP157363.1	gb|AF535128.1|+|0-861|ARO:3001098|SHV-40	99.303	861	6	0	3772	4632	1	861	0.0	1557
NZ_CP157363.1	gb|HQ877615.1|+|0-861|ARO:3001159|SHV-110	99.303	861	6	0	3772	4632	1	861	0.0	1557
NZ_CP157363.1	gb|DQ322460.1|+|15-876|ARO:3001139|SHV-85	99.303	861	6	0	3772	4632	1	861	0.0	1557
NZ_CP157363.1	gb|EF373970.1|+|0-861|ARO:3001146|SHV-94	99.303	861	6	0	3772	4632	1	861	0.0	1557
NZ_CP157363.1	gb|DQ174305.1|+|4-865|ARO:3001120|SHV-65	99.303	861	6	0	3772	4632	1	861	0.0	1557
NZ_CP157363.1	gb|AM176556.2|+|25-886|ARO:3001135|SHV-81	99.303	861	6	0	3772	4632	1	861	0.0	1557
NZ_CP157363.1	gb|KJ776406.1|+|16-877|ARO:3001340|SHV-119	99.303	861	6	0	3772	4632	1	861	0.0	1557
NZ_CP157363.1	gb|EU418913.1|+|16-877|ARO:3001158|SHV-109	99.303	861	6	0	3772	4632	1	861	0.0	1557
NZ_CP157363.1	gb|EU032604.1|+|0-861|ARO:3001152|SHV-103	99.303	861	6	0	3772	4632	1	861	0.0	1557
NZ_CP157363.1	gb|AM176552.2|+|30-891|ARO:3001131|SHV-77	99.303	861	6	0	3772	4632	1	861	0.0	1557
NZ_CP157363.1	gb|EF373971.1|+|0-861|ARO:3001148|SHV-96	99.303	861	6	0	3772	4632	1	861	0.0	1557
NZ_CP157363.1	gb|KM233165.1|+|0-861|ARO:3003153|SHV-186	99.303	861	6	0	3772	4632	1	861	0.0	1557
NZ_CP157363.1	gb|JQ388884.1|+|0-861|ARO:3001183|SHV-141	99.303	861	6	0	3772	4632	1	861	0.0	1557
NZ_CP157363.1	gb|AY223863.1|+|170-1031|ARO:3001113|SHV-57	99.303	861	6	0	3772	4632	1	861	0.0	1557
NZ_CP157363.1	gb|JX121120.1|+|0-858|ARO:3001192|SHV-153	99.417	858	5	0	3772	4629	1	858	0.0	1557
NZ_CP157363.1	gb|AM176557.2|+|0-861|ARO:3001136|SHV-82	99.303	861	6	0	3772	4632	1	861	0.0	1557
NZ_CP157363.1	gb|JX121123.1|+|0-861|ARO:3001195|SHV-156	99.303	861	6	0	3772	4632	1	861	0.0	1557
NZ_CP157363.1	gb|AY528718.1|+|413-1274|ARO:3001106|SHV-49	99.303	861	6	0	3772	4632	1	861	0.0	1557
NZ_CP157363.1	gb|AB551737.1|+|14-875|ARO:3001177|SHV-133	99.303	861	6	0	3772	4632	1	861	0.0	1557
NZ_CP157363.1	gb|U92041.1|+|0-861|ARO:3001067|SHV-8	99.303	861	6	0	3772	4632	1	861	0.0	1557
NZ_CP157363.1	gb|KP050487.1|+|0-861|ARO:3001350|SHV-180	99.303	861	6	0	3772	4632	1	861	0.0	1557
NZ_CP157363.1	gb|JX121119.1|+|0-858|ARO:3001191|SHV-152	99.417	858	5	0	3772	4629	1	858	0.0	1557
NZ_CP157363.1	gb|HQ661362.1|+|71-932|ARO:3001168|SHV-121	99.303	861	6	0	3772	4632	1	861	0.0	1557
NZ_CP157363.1	gb|AY070258.1|+|0-861|ARO:3001093|SHV-35	99.303	861	6	0	3772	4632	1	861	0.0	1557
NZ_CP157363.1	gb|DQ193536.1|+|0-861|ARO:3001141|SHV-89	99.303	861	6	0	3772	4632	1	861	0.0	1557
NZ_CP157363.1	gb|EU586041.1|+|0-861|ARO:3001112|SHV-56	99.303	861	6	0	3772	4632	1	861	0.0	1557
NZ_CP157363.1	gb|KP050489.1|+|0-861|ARO:3001364|SHV-182	99.303	861	6	0	3772	4632	1	861	0.0	1557
NZ_CP157363.1	gb|AM176554.2|+|30-891|ARO:3001133|SHV-79	99.303	861	6	0	3772	4632	1	861	0.0	1557
NZ_CP157363.1	gb|AB023477.1|+|0-861|ARO:3001082|SHV-24	99.303	861	6	0	3772	4632	1	861	0.0	1557
NZ_CP157363.1	gb|AM176558.2|+|0-861|ARO:3001137|SHV-83	99.302	859	6	0	3774	4632	3	861	0.0	1554
NZ_CP157363.1	gb|NG_050009.1|+|100-961|ARO:3001341|SHV-132	99.187	861	7	0	3772	4632	1	861	0.0	1552
NZ_CP157363.1	gb|NG_062293.1|+|0-861|ARO:3005252|SHV-221	99.187	861	7	0	3772	4632	1	861	0.0	1552
NZ_CP157363.1	gb|NG_050059.1|+|0-861|ARO:3005237|SHV-1b-b	99.187	861	7	0	3772	4632	1	861	0.0	1552
NZ_CP157363.1	gb|NG_062279.1|+|0-861|ARO:3005236|SHV-207	99.187	861	7	0	3772	4632	1	861	0.0	1552
NZ_CP157363.1	gb|NG_062291.1|+|0-861|ARO:3005231|SHV-219	99.187	861	7	0	3772	4632	1	861	0.0	1552
NZ_CP157363.1	gb|NG_051521.1|+|0-861|ARO:3005229|SHV-196	99.187	861	7	0	3772	4632	1	861	0.0	1552
NZ_CP157363.1	gb|NG_062278.1|+|0-861|ARO:3005227|SHV-206	99.187	861	7	0	3772	4632	1	861	0.0	1552
NZ_CP157363.1	gb|NG_062288.1|+|0-861|ARO:3005215|SHV-216	99.187	861	7	0	3772	4632	1	861	0.0	1552
NZ_CP157363.1	gb|NG_052582.1|+|0-861|ARO:3005214|SHV-197	99.187	861	7	0	3772	4632	1	861	0.0	1552
NZ_CP157363.1	gb|KX092356.1|+|192-1053|ARO:3001062|SHV-3	99.187	861	7	0	3772	4632	1	861	0.0	1552
NZ_CP157363.1	gb|AY259119.1|+|116-977|ARO:3001102|SHV-44	99.187	861	7	0	3772	4632	1	861	0.0	1552
NZ_CP157363.1	gb|KP050494.1|+|0-861|ARO:3003156|SHV-189	99.187	861	7	0	3772	4632	1	861	0.0	1552
NZ_CP157363.1	gb|JX121126.1|+|0-858|ARO:3001198|SHV-159	99.301	858	6	0	3772	4629	1	858	0.0	1552
NZ_CP157363.1	gb|AB372881.1|+|8-869|ARO:3001160|SHV-111	99.187	861	7	0	3772	4632	1	861	0.0	1552
NZ_CP157363.1	gb|EF373972.1|+|0-861|ARO:3001147|SHV-95	99.187	861	7	0	3772	4632	1	861	0.0	1552
NZ_CP157363.1	gb|DAGGVK010000093.1|+|2639-3500|ARO:3001138|SHV-84	99.187	861	7	0	3772	4632	1	861	0.0	1552
NZ_CP157363.1	gb|JQ341060.1|-|881-1742|ARO:3001344|SHV-143	99.187	861	7	0	3772	4632	1	861	0.0	1552
NZ_CP157363.1	gb|AY263404.1|+|0-861|ARO:3001105|SHV-48	99.187	861	7	0	3772	4632	1	861	0.0	1552
NZ_CP157363.1	gb|EU342351.1|+|172-1033|ARO:3001118|SHV-63	99.187	861	7	0	3772	4632	1	861	0.0	1552
NZ_CP157363.1	gb|DAGGWD010000033.1|+|85-946|ARO:3001077|SHV-19	99.187	861	7	0	3772	4632	1	861	0.0	1552
NZ_CP157363.1	gb|JX121114.1|+|0-858|ARO:3001186|SHV-147	99.301	858	6	0	3772	4629	1	858	0.0	1552
NZ_CP157363.1	gb|AJ863560.2|+|0-861|ARO:3001111|SHV-55	99.187	861	7	0	3772	4632	1	861	0.0	1552
NZ_CP157363.1	gb|JX121125.1|+|0-858|ARO:3001197|SHV-158	99.301	858	6	0	3772	4629	1	858	0.0	1552
NZ_CP157363.1	gb|EF373969.1|+|0-861|ARO:3001145|SHV-93	99.187	861	7	0	3772	4632	1	861	0.0	1552
NZ_CP157363.1	gb|JX268631.1|+|0-861|ARO:3001091|SHV-33	99.187	861	7	0	3772	4632	1	861	0.0	1552
NZ_CP157363.1	gb|JX121124.1|+|0-861|ARO:3001196|SHV-157	99.187	861	7	0	3772	4632	1	861	0.0	1552
NZ_CP157363.1	gb|JX121117.1|+|0-858|ARO:3001189|SHV-150	99.301	858	6	0	3772	4629	1	858	0.0	1552
NZ_CP157363.1	gb|AF226622.1|+|54-915|ARO:3001073|SHV-14	99.187	861	7	0	3772	4632	1	861	0.0	1552
NZ_CP157363.1	gb|EU024485.1|+|0-861|ARO:3001151|SHV-102	99.187	861	7	0	3772	4632	1	861	0.0	1552
NZ_CP157363.1	gb|AJ866285.2|+|0-861|ARO:3001117|SHV-62	99.187	861	7	0	3772	4632	1	861	0.0	1552
NZ_CP157363.1	gb|HM751100.1|+|0-861|ARO:3001157|SHV-108	99.187	861	7	0	3772	4632	1	861	0.0	1552
NZ_CP157363.1	gb|AY661885.1|+|48-909|ARO:3001088|SHV-30	99.187	861	7	0	3772	4632	1	861	0.0	1552
NZ_CP157363.1	gb|AM176550.2|+|30-891|ARO:3001129|SHV-75	99.187	861	7	0	3772	4632	1	861	0.0	1552
NZ_CP157363.1	gb|AY079099.1|+|148-1009|ARO:3001096|SHV-38	99.187	861	7	0	3772	4632	1	861	0.0	1552
NZ_CP157363.1	gb|AY037778.1|+|91-952|ARO:3001090|SHV-32	99.187	861	7	0	3772	4632	1	861	0.0	1552
NZ_CP157363.1	gb|EU155018.1|+|0-861|ARO:3001150|SHV-101	99.187	861	7	0	3772	4632	1	861	0.0	1552
NZ_CP157363.1	gb|FJ194944.1|+|46-907|ARO:3001154|SHV-105	99.187	861	7	0	3772	4632	1	861	0.0	1552
NZ_CP157363.1	gb|AF535130.1|+|0-861|ARO:3001100|SHV-42	99.187	861	7	0	3772	4632	1	861	0.0	1552
NZ_CP157363.1	gb|AF535129.1|+|0-861|ARO:3001099|SHV-41	99.187	861	7	0	3772	4632	1	861	0.0	1552
NZ_CP157363.1	gb|JX121130.1|+|0-858|ARO:3001202|SHV-163	99.299	856	6	0	3772	4627	1	856	0.0	1548
NZ_CP157363.1	gb|NG_050057.1|+|0-861|ARO:3003591|SHV-191	99.071	861	8	0	3772	4632	1	861	0.0	1546
NZ_CP157363.1	gb|NG_062290.1|+|0-861|ARO:3005238|SHV-218	99.071	861	8	0	3772	4632	1	861	0.0	1546
NZ_CP157363.1	gb|NG_062286.1|+|0-861|ARO:3005235|SHV-214	99.071	861	8	0	3772	4632	1	861	0.0	1546
NZ_CP157363.1	gb|NG_062295.1|+|0-861|ARO:3005234|SHV-223	99.071	861	8	0	3772	4632	1	861	0.0	1546
NZ_CP157363.1	gb|NG_062280.1|+|0-861|ARO:3005226|SHV-208	99.071	861	8	0	3772	4632	1	861	0.0	1546
NZ_CP157363.1	gb|NG_062292.1|+|0-861|ARO:3005224|SHV-220	99.071	861	8	0	3772	4632	1	861	0.0	1546
NZ_CP157363.1	gb|NG_057611.1|+|0-861|ARO:3005213|SHV-204	99.071	861	8	0	3772	4632	1	861	0.0	1546
NZ_CP157363.1	gb|NG_051484.1|+|0-861|ARO:3005210|SHV-195	99.071	861	8	0	3772	4632	1	861	0.0	1546
NZ_CP157363.1	gb|AF301532.1|+|7-868|ARO:3001087|SHV-29	99.071	861	8	0	3772	4632	1	861	0.0	1546
NZ_CP157363.1	gb|AF299299.1|+|0-861|ARO:3001086|SHV-28	99.071	861	8	0	3772	4632	1	861	0.0	1546
NZ_CP157363.1	gb|JX121118.1|+|0-858|ARO:3001190|SHV-151	99.184	858	7	0	3772	4629	1	858	0.0	1546
NZ_CP157363.1	gb|AM941845.1|+|0-861|ARO:3001337|SHV-99	99.071	861	8	0	3772	4632	1	861	0.0	1546
NZ_CP157363.1	gb|AY036620.1|+|88-949|ARO:3001092|SHV-34	99.071	861	8	0	3772	4632	1	861	0.0	1546
NZ_CP157363.1	gb|JX121116.1|+|0-858|ARO:3001188|SHV-149	99.184	858	7	0	3772	4629	1	858	0.0	1546
NZ_CP157363.1	gb|AY790341.1|+|0-861|ARO:3001114|SHV-59	99.071	861	8	0	3772	4632	1	861	0.0	1546
NZ_CP157363.1	gb|AM176546.2|+|0-861|ARO:3001125|SHV-71	99.071	861	8	0	3772	4632	1	861	0.0	1546
NZ_CP157363.1	gb|AM176551.2|+|30-891|ARO:3001130|SHV-76	99.071	861	8	0	3772	4632	1	861	0.0	1546
NZ_CP157363.1	gb|AM941847.1|+|0-861|ARO:3001155|SHV-106	99.071	861	8	0	3772	4632	1	861	0.0	1546
NZ_CP157363.1	gb|AF467948.1|+|0-861|ARO:3001095|SHV-37	99.071	861	8	0	3772	4632	1	861	0.0	1546
NZ_CP157363.1	gb|HE981194.1|+|0-861|ARO:3001347|SHV-164	99.071	861	8	0	3772	4632	1	861	0.0	1546
NZ_CP157363.1	gb|HQ661363.1|+|71-932|ARO:3001181|SHV-137	99.071	861	8	0	3772	4632	1	861	0.0	1546
NZ_CP157363.1	gb|AF132290.1|+|87-948|ARO:3001076|SHV-18	99.071	861	8	0	3772	4632	1	861	0.0	1546
NZ_CP157363.1	gb|JN051143.1|+|0-861|ARO:3001182|SHV-140	99.069	859	8	0	3774	4632	3	861	0.0	1543
NZ_CP157363.1	gb|HM751103.1|+|0-864|ARO:3001169|SHV-122	98.958	864	6	3	3772	4632	1	864	0.0	1543
NZ_CP157363.1	gb|NG_062284.1|+|0-861|ARO:3005212|SHV-212	98.955	861	9	0	3772	4632	1	861	0.0	1541
NZ_CP157363.1	gb|NG_055284.1|+|0-861|ARO:3005209|SHV-198	98.955	861	9	0	3772	4632	1	861	0.0	1541
NZ_CP157363.1	gb|AY289548.1|+|0-861|ARO:3001108|SHV-51	98.955	861	9	0	3772	4632	1	861	0.0	1541
NZ_CP157363.1	gb|JX870080.1|+|0-861|ARO:3001352|SHV-168	98.955	861	9	0	3772	4632	1	861	0.0	1541
NZ_CP157363.1	gb|AM176547.2|+|30-891|ARO:3001126|SHV-72	98.955	861	9	0	3772	4632	1	861	0.0	1541
NZ_CP157363.1	gb|DAGOBI010000132.1|+|1383-2244|ARO:3001065|SHV-6	98.955	861	9	0	3772	4632	1	861	0.0	1541
NZ_CP157363.1	gb|JX121129.1|+|0-858|ARO:3001201|SHV-162	99.068	858	8	0	3772	4629	1	858	0.0	1541
NZ_CP157363.1	gb|DQ836922.1|+|0-861|ARO:3001144|SHV-92	98.955	861	9	0	3772	4632	1	861	0.0	1541
NZ_CP157363.1	gb|NG_050056.1|+|0-861|ARO:3003590|SHV-190	98.839	861	10	0	3772	4632	1	861	0.0	1535
NZ_CP157363.1	gb|NG_068212.1|+|100-961|ARO:3001355|SHV-171	98.839	861	10	0	3772	4632	1	861	0.0	1535
NZ_CP157363.1	gb|NG_062294.1|+|0-861|ARO:3005208|SHV-222	98.839	861	10	0	3772	4632	1	861	0.0	1535
NZ_CP157363.1	gb|NG_062276.1|+|0-861|ARO:3005207|SHV-205	98.839	861	10	0	3772	4632	1	861	0.0	1535
NZ_CP157363.1	gb|LN515534.1|+|0-873|ARO:3003155|SHV-188	98.511	873	7	1	3766	4632	1	873	0.0	1535
NZ_CP157363.1	gb|HQ845196.1|+|0-861|ARO:3001109|SHV-52	98.839	861	10	0	3772	4632	1	861	0.0	1535
NZ_CP157363.1	gb|D89862.1|+|111-981|ARO:3001907|CTX-M-45	98.288	876	9	4	40533	41408	870	1	0.0	1530
NZ_CP157363.1	gb|AY065991.1|+|6-867|ARO:3001101|SHV-43	98.722	861	11	0	3772	4632	1	861	0.0	1530
NZ_CP157363.1	gb|AM176548.2|+|16-874|ARO:3001127|SHV-73	98.945	853	9	0	3780	4632	6	858	0.0	1526
NZ_CP157363.1	gb|S82452.1|+|120-978|ARO:3001068|SHV-9	98.606	861	9	1	3772	4632	1	858	0.0	1520
NZ_CP157363.1	gb|AB733453.1|+|3-849|ARO:3001204|SHV-167	98.936	846	9	0	3772	4617	1	846	0.0	1513
NZ_CP157363.1	gb|NG_070741.1|+|0-894|ARO:3006198|KPC-73	97.315	894	0	2	117187	118056	1	894	0.0	1496
NZ_CP157363.1	gb|GQ390806.1|+|0-813|ARO:3001171|SHV-124	99.508	813	4	0	3772	4584	1	813	0.0	1480
NZ_CP157363.1	gb|GQ390805.1|+|0-813|ARO:3001170|SHV-123	99.385	813	5	0	3772	4584	1	813	0.0	1474
NZ_CP157363.1	gb|GQ390808.1|+|0-813|ARO:3001173|SHV-126	99.262	813	6	0	3772	4584	1	813	0.0	1469
NZ_CP157363.1	gb|GQ390807.1|+|0-813|ARO:3001172|SHV-125	99.139	813	7	0	3772	4584	1	813	0.0	1463
NZ_CP157363.1	gb|GQ390809.1|+|0-813|ARO:3001174|SHV-127	99.016	813	8	0	3772	4584	1	813	0.0	1458
NZ_CP157363.1	gb|NG_049352.1|+|100-961|ARO:3006956|OHIO-1	96.759	864	22	6	3772	4632	1	861	0.0	1435
NZ_CP157363.1	gb|AF117746.1|+|0-780|ARO:3001080|SHV-22	99.487	780	4	0	3802	4581	1	780	0.0	1419
NZ_CP157363.1	gb|AF117747.1|+|0-780|ARO:3001081|SHV-23	99.359	780	5	0	3802	4581	1	780	0.0	1413
NZ_CP157363.1	gb|AF117744.1|+|0-780|ARO:3001078|SHV-20	99.359	780	5	0	3802	4581	1	780	0.0	1413
NZ_CP157363.1	gb|NG_070893.1|+|0-861|ARO:3006863|AAK-1	96.379	856	31	0	3772	4627	1	856	0.0	1410
NZ_CP157363.1	gb|AF117745.1|+|0-780|ARO:3001079|SHV-21	99.231	780	6	0	3802	4581	1	780	0.0	1408
NZ_CP157363.1	gb|AM886293.1|+|116479-117235|ARO:3000860|rmtB	100.000	756	0	0	33494	34249	1	756	0.0	1397
NZ_CP157363.1	gb|AM941846.1|+|0-900|ARO:3001338|SHV-100	99.091	770	7	0	3863	4632	131	900	0.0	1384
NZ_CP157363.1	gb|AM941846.1|+|0-900|ARO:3001338|SHV-100	98.496	133	2	0	3772	3904	1	133	6.42e-60	235
NZ_CP157363.1	gb|NG_071226.1|+|0-861|ARO:3005273|TEM-243	100.000	730	0	0	32595	33324	132	861	0.0	1349
NZ_CP157363.1	gb|KF944358.1|+|0-861|ARO:3001393|TEM-216	100.000	730	0	0	32595	33324	132	861	0.0	1349
NZ_CP157363.1	gb|AY956335.1|+|38-899|ARO:3001004|TEM-141	100.000	730	0	0	32595	33324	132	861	0.0	1349
NZ_CP157363.1	gb|KF240808.1|+|0-861|ARO:3001386|TEM-209	100.000	730	0	0	32595	33324	132	861	0.0	1349
NZ_CP157363.1	gb|KP050491.1|+|0-861|ARO:3001391|TEM-214	100.000	730	0	0	32595	33324	132	861	0.0	1349
NZ_CP157363.1	gb|KC783461.1|+|0-861|ARO:3001383|TEM-206	100.000	730	0	0	32595	33324	132	861	0.0	1349
NZ_CP157363.1	gb|AL513383.1|+|161910-162771|ARO:3000873|TEM-1	99.863	730	1	0	32595	33324	132	861	0.0	1343
NZ_CP157363.1	gb|AAAGNS010000063.1|-|144-1005|ARO:3000966|TEM-103	99.863	730	1	0	32595	33324	132	861	0.0	1343
NZ_CP157363.1	gb|OM617737.1|+|0-861|ARO:3007454|TEM-245	99.863	730	1	0	32595	33324	132	861	0.0	1343
NZ_CP157363.1	gb|OM617738.1|+|0-861|ARO:3007448|TEM-246	99.863	730	1	0	32595	33324	132	861	0.0	1343
NZ_CP157363.1	gb|NG_057609.1|+|0-861|ARO:3005265|TEM-234	99.863	730	1	0	32595	33324	132	861	0.0	1343
NZ_CP157363.1	gb|NG_068213.1|+|100-961|ARO:3000901|TEM-31	99.863	730	1	0	32595	33324	132	861	0.0	1343
NZ_CP157363.1	gb|NG_068038.1|+|0-861|ARO:3005259|TEM-228	99.863	730	1	0	32595	33324	132	861	0.0	1343
NZ_CP157363.1	gb|FJ405211.1|+|0-861|ARO:3000926|TEM-57	99.863	730	1	0	32595	33324	132	861	0.0	1343
NZ_CP157363.1	gb|KP050492.1|+|0-861|ARO:3001392|TEM-215	99.863	730	1	0	32595	33324	132	861	0.0	1343
NZ_CP157363.1	gb|AF516720.1|+|214-1075|ARO:3000968|TEM-105	99.863	730	1	0	32595	33324	132	861	0.0	1343
NZ_CP157363.1	gb|AF190694.1|+|208-1069|ARO:3000942|TEM-76	99.863	730	1	0	32595	33324	132	861	0.0	1343
NZ_CP157363.1	gb|KC865667.1|+|183-1044|ARO:3001385|TEM-208	99.863	730	1	0	32595	33324	132	861	0.0	1343
NZ_CP157363.1	gb|AF188199.1|+|214-1075|ARO:3000936|TEM-70	99.863	730	1	0	32595	33324	132	861	0.0	1343
NZ_CP157363.1	gb|EU274580.1|+|214-1075|ARO:3001030|TEM-164	99.863	730	1	0	32595	33324	132	861	0.0	1343
NZ_CP157363.1	gb|AY368236.1|+|0-861|ARO:3000989|TEM-127	99.863	730	1	0	32595	33324	132	861	0.0	1343
NZ_CP157363.1	gb|AJ634602.1|-|7839-8700|ARO:3000999|TEM-135	99.863	730	1	0	32595	33324	132	861	0.0	1343
NZ_CP157363.1	gb|DQ075245.1|+|217-1078|ARO:3001006|TEM-143	99.863	730	1	0	32595	33324	132	861	0.0	1343
NZ_CP157363.1	gb|JN227084.1|+|308-1169|ARO:3001046|TEM-186	99.863	730	1	0	32595	33324	132	861	0.0	1343
NZ_CP157363.1	gb|DQ286729.1|+|0-861|ARO:3000924|TEM-55	99.863	730	1	0	32595	33324	132	861	0.0	1343
NZ_CP157363.1	gb|HG934763.1|+|0-861|ARO:3001394|TEM-217	99.863	730	1	0	32595	33324	132	861	0.0	1343
NZ_CP157363.1	gb|AJ437107.1|+|208-1069|ARO:3000900|TEM-30	99.863	730	1	0	32595	33324	132	861	0.0	1343
NZ_CP157363.1	gb|JX310327.1|+|0-861|ARO:3001378|TEM-201	99.863	730	1	0	32595	33324	132	861	0.0	1343
NZ_CP157363.1	gb|AJ308558.1|+|181-1042|ARO:3000962|TEM-95	99.863	730	1	0	32595	33324	132	861	0.0	1343
NZ_CP157363.1	gb|AY368237.1|+|0-861|ARO:3000990|TEM-128	99.863	730	1	0	32595	33324	132	861	0.0	1343
NZ_CP157363.1	gb|GU371926.1|-|50304-51165|ARO:3000903|TEM-33	99.863	730	1	0	32595	33324	132	861	0.0	1343
NZ_CP157363.1	gb|AY307100.1|+|0-861|ARO:3000984|TEM-122	99.863	730	1	0	32595	33324	132	861	0.0	1343
NZ_CP157363.1	gb|FJ197316.1|+|0-861|ARO:3001032|TEM-166	99.863	730	1	0	32595	33324	132	861	0.0	1343
NZ_CP157363.1	gb|AM087454.1|+|208-1069|ARO:3001015|TEM-148	99.863	730	1	0	32595	33324	132	861	0.0	1343
NZ_CP157363.1	gb|GU550123.1|+|144-1005|ARO:3001041|TEM-176	99.863	730	1	0	32595	33324	132	861	0.0	1343
NZ_CP157363.1	gb|KC818234.1|+|0-861|ARO:3001384|TEM-207	99.863	730	1	0	32595	33324	132	861	0.0	1343
NZ_CP157363.1	gb|AB700703.1|+|161-1022|ARO:3001057|TEM-198	99.863	730	1	0	32595	33324	132	861	0.0	1343
NZ_CP157363.1	gb|KC292503.1|+|4334-5195|ARO:3000904|TEM-34	99.863	730	1	0	32595	33324	132	861	0.0	1343
NZ_CP157363.1	gb|MZ026156.1|+|0-861|ARO:3007453|TEM-244	99.726	730	2	0	32595	33324	132	861	0.0	1338
NZ_CP157363.1	gb|NG_050308.1|+|0-861|ARO:3006140|TEM-99	99.726	730	2	0	32595	33324	132	861	0.0	1338
NZ_CP157363.1	gb|NG_059898.1|+|100-961|ARO:3005266|TEM-235	99.726	730	2	0	32595	33324	132	861	0.0	1338
NZ_CP157363.1	gb|NG_050243.1|+|100-961|ARO:3001387|TEM-210	99.726	730	2	0	32595	33324	132	861	0.0	1338
NZ_CP157363.1	gb|NG_068214.1|+|100-961|ARO:3000907|TEM-37	99.726	730	2	0	32595	33324	132	861	0.0	1338
NZ_CP157363.1	gb|NG_052650.1|+|0-861|ARO:3000906|TEM-36	99.726	730	2	0	32595	33324	132	861	0.0	1338
NZ_CP157363.1	gb|NG_050264.1|+|13-874|ARO:3000905|TEM-35	99.726	730	2	0	32595	33324	132	861	0.0	1338
NZ_CP157363.1	gb|NG_050261.1|+|100-961|ARO:3000902|TEM-32	99.726	730	2	0	32595	33324	132	861	0.0	1338
NZ_CP157363.1	gb|NG_056417.1|+|0-861|ARO:3005261|TEM-230	99.726	730	2	0	32595	33324	132	861	0.0	1338
NZ_CP157363.1	gb|NG_057472.1|+|0-861|ARO:3005263|TEM-232	99.726	730	2	0	32595	33324	132	861	0.0	1338
NZ_CP157363.1	gb|KM998962.1|+|0-861|ARO:3003158|TEM-220	99.726	730	2	0	32595	33324	132	861	0.0	1338
NZ_CP157363.1	gb|JQ034306.1|+|0-861|ARO:3001376|TEM-196	99.726	730	2	0	32595	33324	132	861	0.0	1338
NZ_CP157363.1	gb|AM183304.1|+|208-1069|ARO:3001017|TEM-150	99.726	730	2	0	32595	33324	132	861	0.0	1338
NZ_CP157363.1	gb|DQ279850.1|+|0-861|ARO:3001014|TEM-147	99.726	730	2	0	32595	33324	132	861	0.0	1338
NZ_CP157363.1	gb|FR717535.1|+|0-861|ARO:3000910|TEM-40	99.726	730	2	0	32595	33324	132	861	0.0	1338
NZ_CP157363.1	gb|AM849805.1|+|262-1123|ARO:3000886|TEM-15	99.726	730	2	0	32595	33324	132	861	0.0	1338
NZ_CP157363.1	gb|AF516719.1|+|214-1075|ARO:3000967|TEM-104	99.726	730	2	0	32595	33324	132	861	0.0	1338
NZ_CP157363.1	gb|AM049399.1|+|0-861|ARO:3001007|TEM-144	99.726	730	2	0	32595	33324	132	861	0.0	1338
NZ_CP157363.1	gb|AF190692.1|+|208-1069|ARO:3000946|TEM-79	99.726	730	2	0	32595	33324	132	861	0.0	1338
NZ_CP157363.1	gb|U37195.1|+|75-936|ARO:3000898|TEM-28	99.726	730	2	0	32595	33324	132	861	0.0	1338
NZ_CP157363.1	gb|Y17584.1|+|0-858|ARO:3000899|TEM-29	99.862	727	1	0	32595	33321	132	858	0.0	1338
NZ_CP157363.1	gb|EU815939.1|+|0-861|ARO:3001029|TEM-163	99.726	730	2	0	32595	33324	132	861	0.0	1338
NZ_CP157363.1	gb|AF093512.1|+|197-1058|ARO:3000882|TEM-10	99.726	730	2	0	32595	33324	132	861	0.0	1338
NZ_CP157363.1	gb|AY101578.1|+|214-1075|ARO:3000969|TEM-106	99.726	730	2	0	32595	33324	132	861	0.0	1338
NZ_CP157363.1	gb|AY628199.1|+|203-1064|ARO:3000988|TEM-126	99.726	730	2	0	32595	33324	132	861	0.0	1338
NZ_CP157363.1	gb|NG_050307.1|+|0-861|ARO:3006139|TEM-98	99.589	730	3	0	32595	33324	132	861	0.0	1332
NZ_CP157363.1	gb|NG_065939.1|+|0-861|ARO:3005272|TEM-242	99.589	730	3	0	32595	33324	132	861	0.0	1332
NZ_CP157363.1	gb|NG_066544.1|+|0-861|ARO:3005270|TEM-240	99.589	730	3	0	32595	33324	132	861	0.0	1332
NZ_CP157363.1	gb|NG_062250.1|+|100-961|ARO:3005268|TEM-237	99.589	730	3	0	32595	33324	132	861	0.0	1332
NZ_CP157363.1	gb|NG_054684.1|+|0-861|ARO:3005257|TEM-226	99.589	730	3	0	32595	33324	132	861	0.0	1332
NZ_CP157363.1	gb|NG_068215.1|+|100-961|ARO:3000877|TEM-5	99.589	730	3	0	32595	33324	132	861	0.0	1332
NZ_CP157363.1	gb|AM743197.2|-|2076-2937|ARO:3001044|TEM-181	99.589	730	3	0	32595	33324	132	861	0.0	1332
NZ_CP157363.1	gb|NG_056418.1|+|0-861|ARO:3005262|TEM-231	99.589	730	3	0	32595	33324	132	861	0.0	1332
NZ_CP157363.1	gb|FJ919776.1|+|208-1069|ARO:3001034|TEM-168	99.589	730	3	0	32595	33324	132	861	0.0	1332
NZ_CP157363.1	gb|KM114268.1|+|0-861|ARO:3003157|TEM-219	99.589	730	3	0	32595	33324	132	861	0.0	1332
NZ_CP157363.1	gb|AF104442.1|+|193-1054|ARO:3000923|TEM-54	99.589	730	3	0	32595	33324	132	861	0.0	1332
NZ_CP157363.1	gb|AM941159.1|+|208-1069|ARO:3001022|TEM-156	99.589	730	3	0	32595	33324	132	861	0.0	1332
NZ_CP157363.1	gb|AF351241.1|+|89-950|ARO:3000957|TEM-90	99.589	730	3	0	32595	33324	132	861	0.0	1332
NZ_CP157363.1	gb|FJ873740.1|+|0-858|ARO:3001035|TEM-169	99.725	727	2	0	32595	33321	132	858	0.0	1332
NZ_CP157363.1	gb|AY092401.1|+|0-861|ARO:3000963|TEM-96	99.589	730	3	0	32595	33324	132	861	0.0	1332
NZ_CP157363.1	gb|GQ149347.1|+|5269-6130|ARO:3001037|TEM-171	99.589	730	3	0	32595	33324	132	861	0.0	1332
NZ_CP157363.1	gb|AJ012256.1|+|208-1069|ARO:3000939|TEM-73	99.589	730	3	0	32595	33324	132	861	0.0	1332
NZ_CP157363.1	gb|HQ317449.1|+|0-861|ARO:3001373|TEM-182	99.589	730	3	0	32595	33324	132	861	0.0	1332
NZ_CP157363.1	gb|EF534736.1|+|213-1074|ARO:3001024|TEM-158	99.589	730	3	0	32595	33324	132	861	0.0	1332
NZ_CP157363.1	gb|HQ529916.1|+|110-971|ARO:3001045|TEM-183	99.589	730	3	0	32595	33324	132	861	0.0	1332
NZ_CP157363.1	gb|U95363.2|+|0-861|ARO:3000912|TEM-43	99.589	730	3	0	32595	33324	132	861	0.0	1332
NZ_CP157363.1	gb|AY491682.1|+|0-861|ARO:3000996|TEM-132	99.589	730	3	0	32595	33324	132	861	0.0	1332
NZ_CP157363.1	gb|NG_067163.1|+|0-861|ARO:3005269|TEM-238	99.452	730	4	0	32595	33324	132	861	0.0	1327
NZ_CP157363.1	gb|NG_061611.1|+|0-861|ARO:3005267|TEM-236	99.452	730	4	0	32595	33324	132	861	0.0	1327
NZ_CP157363.1	gb|AF506748.1|+|38-899|ARO:3000971|TEM-108	99.452	730	4	0	32595	33324	132	861	0.0	1327
NZ_CP157363.1	gb|JN254627.1|+|0-861|ARO:3001049|TEM-189	99.452	730	4	0	32595	33324	132	861	0.0	1327
NZ_CP157363.1	gb|FJ807656.1|+|0-861|ARO:3001020|TEM-154	99.452	730	4	0	32595	33324	132	861	0.0	1327
NZ_CP157363.1	gb|AF427128.1|+|208-1069|ARO:3000949|TEM-82	99.452	730	4	0	32595	33324	132	861	0.0	1327
NZ_CP157363.1	gb|AF535127.1|+|208-1069|ARO:3000978|TEM-115	99.452	730	4	0	32595	33324	132	861	0.0	1327
NZ_CP157363.1	gb|AF427127.1|+|208-1069|ARO:3000948|TEM-81	99.452	730	4	0	32595	33324	132	861	0.0	1327
NZ_CP157363.1	gb|DQ105529.2|+|0-861|ARO:3001013|TEM-146	99.452	730	4	0	32595	33324	132	861	0.0	1327
NZ_CP157363.1	gb|AY826417.1|+|0-861|ARO:3001000|TEM-136	99.452	730	4	0	32595	33324	132	861	0.0	1327
NZ_CP157363.1	gb|KC149518.1|+|0-861|ARO:3001369|TEM-153	99.452	730	4	0	32595	33324	132	861	0.0	1327
NZ_CP157363.1	gb|AY027590.1|+|112-973|ARO:3000955|TEM-88	99.452	730	4	0	32595	33324	132	861	0.0	1327
NZ_CP157363.1	gb|NG_050256.1|+|100-961|ARO:3000896|TEM-26	99.452	730	4	0	32595	33324	132	861	0.0	1327
NZ_CP157363.1	gb|X57972.1|+|339-1200|ARO:3000878|TEM-6	99.452	730	4	0	32595	33324	132	861	0.0	1327
NZ_CP157363.1	gb|AY243512.1|+|208-1069|ARO:3000982|TEM-120	99.452	730	4	0	32595	33324	132	861	0.0	1327
NZ_CP157363.1	gb|DQ105528.2|+|0-861|ARO:3001012|TEM-145	99.452	730	4	0	32595	33324	132	861	0.0	1327
NZ_CP157363.1	gb|AY101764.1|+|206-1067|ARO:3000970|TEM-107	99.452	730	4	0	32595	33324	132	861	0.0	1327
NZ_CP157363.1	gb|X54606.1|+|214-1075|ARO:3000874|TEM-2	99.452	730	4	0	32595	33324	132	861	0.0	1327
NZ_CP157363.1	gb|DQ679961.1|+|114-975|ARO:3001021|TEM-155	99.452	730	4	0	32595	33324	132	861	0.0	1327
NZ_CP157363.1	gb|AY589493.1|+|166-1027|ARO:3000975|TEM-112	99.452	730	4	0	32595	33324	132	861	0.0	1327
NZ_CP157363.1	gb|AB049569.1|+|0-861|ARO:3000958|TEM-91	99.452	730	4	0	32595	33324	132	861	0.0	1327
NZ_CP157363.1	gb|AY628175.1|+|210-1071|ARO:3000972|TEM-109	99.452	730	4	0	32595	33324	132	861	0.0	1327
NZ_CP157363.1	gb|U36911.1|+|1429-2290|ARO:3000979|TEM-116	99.452	730	4	0	32595	33324	132	861	0.0	1327
NZ_CP157363.1	gb|ON651488.1|+|0-861|ARO:3007451|TEM-247	99.315	730	5	0	32595	33324	132	861	0.0	1321
NZ_CP157363.1	gb|NG_052651.1|+|0-861|ARO:3005256|TEM-225	99.315	730	5	0	32595	33324	132	861	0.0	1321
NZ_CP157363.1	gb|NG_050245.1|+|0-861|ARO:3001389|TEM-212	99.315	730	5	0	32595	33324	132	861	0.0	1321
NZ_CP157363.1	gb|NG_056416.1|+|0-861|ARO:3005260|TEM-229	99.315	730	5	0	32595	33324	132	861	0.0	1321
NZ_CP157363.1	gb|M88143.1|+|367-1228|ARO:3000884|TEM-12	99.315	730	5	0	32595	33324	132	861	0.0	1321
NZ_CP157363.1	gb|JX042489.1|+|141-1002|ARO:3000890|TEM-19	99.315	730	5	0	32595	33324	132	861	0.0	1321
NZ_CP157363.1	gb|AF104441.1|+|193-1054|ARO:3000922|TEM-53	99.315	730	5	0	32595	33324	132	861	0.0	1321
NZ_CP157363.1	gb|AF347054.1|+|208-1069|ARO:3000947|TEM-80	99.315	730	5	0	32595	33324	132	861	0.0	1321
NZ_CP157363.1	gb|HQ877606.1|+|0-861|ARO:3001056|TEM-197	99.315	730	5	0	32595	33324	132	861	0.0	1321
NZ_CP157363.1	gb|EF136377.1|+|0-861|ARO:3001026|TEM-160	99.315	730	5	0	32595	33324	132	861	0.0	1321
NZ_CP157363.1	gb|DQ909059.1|+|0-861|ARO:3001023|TEM-157	99.315	730	5	0	32595	33324	132	861	0.0	1321
NZ_CP157363.1	gb|AJ318093.1|+|0-861|ARO:3000960|TEM-93	99.315	730	5	0	32595	33324	132	861	0.0	1321
NZ_CP157363.1	gb|JF795538.1|+|0-861|ARO:3001374|TEM-185	99.315	730	5	0	32595	33324	132	861	0.0	1321
NZ_CP157363.1	gb|EF136376.1|+|0-861|ARO:3001025|TEM-159	99.315	730	5	0	32595	33324	132	861	0.0	1321
NZ_CP157363.1	gb|AY072920.1|+|0-861|ARO:3000973|TEM-110	99.315	730	5	0	32595	33324	132	861	0.0	1321
NZ_CP157363.1	gb|AY528425.1|+|0-861|ARO:3000997|TEM-133	99.315	730	5	0	32595	33324	132	861	0.0	1321
NZ_CP157363.1	gb|Y13612.1|+|0-861|ARO:3000921|TEM-52	99.315	730	5	0	32595	33324	132	861	0.0	1321
NZ_CP157363.1	gb|AF427130.1|+|208-1069|ARO:3000951|TEM-84	99.315	730	5	0	32595	33324	132	861	0.0	1321
NZ_CP157363.1	gb|KY432484.1|+|0-861|ARO:3001051|TEM-191	99.315	730	5	0	32595	33324	132	861	0.0	1321
NZ_CP157363.1	gb|AF091113.2|+|450-1311|ARO:3000934|TEM-67	99.315	730	5	0	32595	33324	132	861	0.0	1321
NZ_CP157363.1	gb|AY874537.1|+|177-1038|ARO:3000883|TEM-11	99.315	730	5	0	32595	33324	132	861	0.0	1321
NZ_CP157363.1	gb|AY590467.1|+|1-727|ARO:3001110|SHV-53	99.449	726	4	0	3793	4518	1	726	0.0	1319
NZ_CP157363.1	gb|LC542923.1|-|2479-3340|ARO:3000930|TEM-61	99.178	730	6	0	32595	33324	132	861	0.0	1315
NZ_CP157363.1	gb|NG_065938.1|+|0-861|ARO:3005271|TEM-241	99.178	730	6	0	32595	33324	132	861	0.0	1315
NZ_CP157363.1	gb|NG_057581.1|+|0-861|ARO:3005264|TEM-233	99.178	730	6	0	32595	33324	132	861	0.0	1315
NZ_CP157363.1	gb|X65253.1|+|175-1036|ARO:3000894|TEM-24	99.178	730	6	0	32595	33324	132	861	0.0	1315
NZ_CP157363.1	gb|X64523.1|-|476-1337|ARO:3000875|TEM-3	99.178	730	6	0	32595	33324	132	861	0.0	1315
NZ_CP157363.1	gb|AJ866988.1|+|0-861|ARO:3000994|TEM-130	99.178	730	6	0	32595	33324	132	861	0.0	1315
NZ_CP157363.1	gb|X95401.1|+|208-1069|ARO:3000914|TEM-45	99.178	730	6	0	32595	33324	132	861	0.0	1315
NZ_CP157363.1	gb|AJ746225.1|+|0-861|ARO:3000993|TEM-129	99.178	730	6	0	32595	33324	132	861	0.0	1315
NZ_CP157363.1	gb|KF663615.1|+|0-858|ARO:3001390|TEM-213	99.312	727	5	0	32595	33321	132	858	0.0	1315
NZ_CP157363.1	gb|JN211012.1|+|213-1074|ARO:3001048|TEM-188	99.178	730	6	0	32595	33324	132	861	0.0	1315
NZ_CP157363.1	gb|AF203816.1|+|210-1071|ARO:3000937|TEM-71	99.178	730	6	0	32595	33324	132	861	0.0	1315
NZ_CP157363.1	gb|X65254.1|+|175-1036|ARO:3000887|TEM-16	99.178	730	6	0	32595	33324	132	861	0.0	1315
NZ_CP157363.1	gb|Y10279.1|+|0-861|ARO:3000916|TEM-47	99.178	730	6	0	32595	33324	132	861	0.0	1315
NZ_CP157363.1	gb|NG_065940.1|+|0-861|ARO:3000909|TEM-39	99.041	730	7	0	32595	33324	132	861	0.0	1310
NZ_CP157363.1	gb|NG_056168.1|+|0-861|ARO:3000881|TEM-9	99.041	730	7	0	32595	33324	132	861	0.0	1310
NZ_CP157363.1	gb|LK391770.1|+|19707-20568|ARO:3000876|TEM-4	99.041	730	7	0	32595	33324	132	861	0.0	1310
NZ_CP157363.1	gb|AF468003.1|+|0-861|ARO:3000974|TEM-111	99.041	730	7	0	32595	33324	132	861	0.0	1310
NZ_CP157363.1	gb|JN416112.1|+|0-861|ARO:3001050|TEM-190	99.041	730	7	0	32595	33324	132	861	0.0	1310
NZ_CP157363.1	gb|X65252.1|+|175-1036|ARO:3000880|TEM-8	99.041	730	7	0	32595	33324	132	861	0.0	1310
NZ_CP157363.1	gb|Y10280.1|+|0-861|ARO:3000917|TEM-48	99.041	730	7	0	32595	33324	132	861	0.0	1310
NZ_CP157363.1	gb|FR848831.1|+|0-861|ARO:3001375|TEM-184	99.041	730	7	0	32595	33324	132	861	0.0	1310
NZ_CP157363.1	gb|DQ072853.1|+|0-861|ARO:3001003|TEM-139	99.041	730	7	0	32595	33324	132	861	0.0	1310
NZ_CP157363.1	gb|JX050178.1|+|1-853|ARO:3001058|TEM-199	99.041	730	7	0	32595	33324	123	852	0.0	1310
NZ_CP157363.1	gb|AJ277414.1|+|0-861|ARO:3000952|TEM-85	99.041	730	7	0	32595	33324	132	861	0.0	1310
NZ_CP157363.1	gb|AY589495.1|+|181-1042|ARO:3000977|TEM-114	99.041	730	7	0	32595	33324	132	861	0.0	1310
NZ_CP157363.1	gb|AY574271.1|+|0-861|ARO:3000998|TEM-134	99.041	730	7	0	32595	33324	132	861	0.0	1310
NZ_CP157363.1	gb|Y17581.1|+|78-936|ARO:3000891|TEM-20	99.175	727	6	0	32595	33321	132	858	0.0	1310
NZ_CP157363.1	gb|AM286274.1|+|0-861|ARO:3001001|TEM-137	99.041	730	7	0	32595	33324	132	861	0.0	1310
NZ_CP157363.1	gb|AF332513.1|+|103-964|ARO:3000931|TEM-63	99.041	730	7	0	32595	33324	132	861	0.0	1310
NZ_CP157363.1	gb|AJ239002.1|+|0-861|ARO:3000935|TEM-68	99.041	730	7	0	32595	33324	132	861	0.0	1310
NZ_CP157363.1	gb|AF427129.1|+|208-1069|ARO:3000950|TEM-83	99.041	730	7	0	32595	33324	132	861	0.0	1310
NZ_CP157363.1	gb|EF468463.1|+|66-927|ARO:3001028|TEM-162	99.041	730	7	0	32595	33324	132	861	0.0	1310
NZ_CP157363.1	gb|Y14574.2|+|0-861|ARO:3000888|TEM-17	99.041	730	7	0	32595	33324	132	861	0.0	1310
NZ_CP157363.1	gb|AF143804.1|+|0-861|ARO:3000959|TEM-92	99.041	730	7	0	32595	33324	132	861	0.0	1310
NZ_CP157363.1	gb|AY853593.1|+|214-1075|ARO:3001002|TEM-138	99.041	730	7	0	32595	33324	132	861	0.0	1310
NZ_CP157363.1	gb|AF190693.1|+|208-1069|ARO:3000944|TEM-78	99.041	730	7	0	32595	33324	132	861	0.0	1310
NZ_CP157363.1	gb|AY040093.1|+|68-929|ARO:3000965|TEM-102	99.041	730	7	0	32595	33324	132	861	0.0	1310
NZ_CP157363.1	gb|AF157553.1|+|147-1008|ARO:3000938|TEM-72	99.041	730	7	0	32595	33324	132	861	0.0	1310
NZ_CP157363.1	gb|AY436361.1|+|131-992|ARO:3000995|TEM-131	98.904	730	8	0	32595	33324	132	861	0.0	1306
NZ_CP157363.1	gb|AY327540.1|+|0-858|ARO:3000986|TEM-124	99.041	730	4	1	32595	33324	132	858	0.0	1306
NZ_CP157363.1	gb|NG_050254.1|+|0-861|ARO:3005255|TEM-224	98.904	730	8	0	32595	33324	132	861	0.0	1304
NZ_CP157363.1	gb|NG_054696.1|+|0-861|ARO:3005258|TEM-227	98.904	730	8	0	32595	33324	132	861	0.0	1304
NZ_CP157363.1	gb|FJ360884.1|+|213-1074|ARO:3001033|TEM-167	98.904	730	8	0	32595	33324	132	861	0.0	1304
NZ_CP157363.1	gb|AJ277415.1|+|0-861|ARO:3000953|TEM-86	98.904	730	8	0	32595	33324	132	861	0.0	1304
NZ_CP157363.1	gb|AJ318094.1|+|0-861|ARO:3000961|TEM-94	98.904	730	8	0	32595	33324	132	861	0.0	1304
NZ_CP157363.1	gb|AF495873.1|+|0-861|ARO:3000964|TEM-101	98.904	730	8	0	32595	33324	132	861	0.0	1304
NZ_CP157363.1	gb|DQ369751.1|+|0-861|ARO:3001016|TEM-149	98.904	730	8	0	32595	33324	132	861	0.0	1304
NZ_CP157363.1	gb|FN652295.1|+|0-861|ARO:3001042|TEM-177	98.904	730	8	0	32595	33324	132	861	0.0	1304
NZ_CP157363.1	gb|DQ834728.1|+|205-1066|ARO:3001019|TEM-152	98.904	730	8	0	32595	33324	132	861	0.0	1304
NZ_CP157363.1	gb|Y10281.1|+|0-861|ARO:3000918|TEM-49	98.904	730	8	0	32595	33324	132	861	0.0	1304
NZ_CP157363.1	gb|DQ388882.1|+|0-861|ARO:3001005|TEM-142	98.904	730	8	0	32595	33324	132	861	0.0	1304
NZ_CP157363.1	gb|AY589494.1|+|193-1054|ARO:3000976|TEM-113	98.904	730	8	0	32595	33324	132	861	0.0	1304
NZ_CP157363.1	gb|Y17582.1|+|0-858|ARO:3000892|TEM-21	99.037	727	7	0	32595	33321	132	858	0.0	1304
NZ_CP157363.1	gb|DQ834729.1|+|205-1066|ARO:3001018|TEM-151	98.904	730	8	0	32595	33324	132	861	0.0	1304
NZ_CP157363.1	gb|Y17583.1|+|213-1071|ARO:3000893|TEM-22	99.037	727	7	0	32595	33321	132	858	0.0	1304
NZ_CP157363.1	gb|AY271267.1|+|0-861|ARO:3000983|TEM-121	98.904	730	8	0	32595	33324	132	861	0.0	1304
NZ_CP157363.1	gb|AF250872.1|+|0-861|ARO:3000954|TEM-87	98.904	730	8	0	32595	33324	132	861	0.0	1304
NZ_CP157363.1	gb|HM246246.1|+|211-1069|ARO:3001047|TEM-187	99.036	726	7	0	32595	33320	132	857	0.0	1303
NZ_CP157363.1	gb|KF513179.1|+|0-861|ARO:3001388|TEM-211	98.767	730	9	0	32595	33324	132	861	0.0	1299
NZ_CP157363.1	gb|AY628176.1|+|75-936|ARO:3000987|TEM-125	98.630	730	10	0	32595	33324	132	861	0.0	1293
NZ_CP157363.1	gb|X98047.1|+|0-843|ARO:3000911|TEM-42	99.029	721	7	0	32595	33315	123	843	0.0	1293
NZ_CP157363.1	gb|KC900516.1|+|0-858|ARO:3001382|TEM-205	98.762	727	9	0	32595	33321	132	858	0.0	1293
NZ_CP157363.1	gb|AY327539.1|+|0-858|ARO:3000985|TEM-123	98.630	730	7	1	32595	33324	132	858	0.0	1290
NZ_CP157363.1	gb|AF047171.1|+|135-996|ARO:3000929|TEM-60	98.219	730	13	0	32595	33324	132	861	0.0	1277
NZ_CP157363.1	gb|JN935137.1|+|0-861|ARO:3001055|TEM-195	98.219	730	13	0	32595	33324	132	861	0.0	1277
NZ_CP157363.1	gb|AF062386.1|+|31-862|ARO:3000928|TEM-59	99.286	700	5	0	32595	33294	132	831	0.0	1266
NZ_CP157363.1	gb|AY039040.1|+|188-1022|ARO:3000956|TEM-89	99.004	703	7	0	32595	33297	132	834	0.0	1260
NZ_CP157363.1	gb|JN935135.1|+|0-861|ARO:3001053|TEM-193	97.538	731	16	2	32595	33324	132	861	0.0	1249
NZ_CP157363.1	gb|AB900900.1|+|0-876|ARO:3001994|CTX-M-137	92.352	876	67	0	40533	41408	876	1	0.0	1247
NZ_CP157363.1	gb|AF527798.1|+|0-783|ARO:3000879|TEM-7	99.273	688	5	0	32595	33282	96	783	0.0	1243
NZ_CP157363.1	gb|X97254.1|+|153-1011|ARO:3001043|TEM-178	97.397	730	16	1	32595	33324	132	858	0.0	1240
NZ_CP157363.1	gb|AY130284.1|+|0-783|ARO:3000941|TEM-75	99.128	688	6	0	32595	33282	96	783	0.0	1238
NZ_CP157363.1	gb|AY130285.1|+|0-783|ARO:3000981|TEM-118	99.128	688	6	0	32595	33282	96	783	0.0	1238
NZ_CP157363.1	gb|NG_061413.1|+|0-876|ARO:3005644|CTX-M-221	92.123	876	69	0	40533	41408	876	1	0.0	1236
NZ_CP157363.1	gb|JN935136.1|+|0-861|ARO:3001054|TEM-194	96.986	730	22	0	32595	33324	132	861	0.0	1227
NZ_CP157363.1	gb|AY130282.1|+|0-762|ARO:3000980|TEM-117	99.700	667	2	0	32595	33261	96	762	0.0	1221
NZ_CP157363.1	gb|NG_067155.1|+|0-861|ARO:3006152|OKP-C-1	92.227	862	65	2	3772	4632	1	861	0.0	1219
NZ_CP157363.1	gb|JF949915.1|+|1-754|ARO:3001052|TEM-192	99.847	652	1	0	32595	33246	102	753	0.0	1199
NZ_CP157363.1	gb|MK161461.1|+|0-861|ARO:3004844|LEN-41	91.299	862	73	2	3772	4632	1	861	0.0	1175
NZ_CP157363.1	gb|MK161459.1|+|0-861|ARO:3004843|LEN-40	91.067	862	75	2	3772	4632	1	861	0.0	1164
NZ_CP157363.1	gb|DQ149134.1|+|0-861|ARO:3002473|LEN-17	91.067	862	75	2	3772	4632	1	861	0.0	1164
NZ_CP157363.1	gb|KR738738.1|+|0-861|ARO:3004828|LEN-36	90.951	862	76	2	3772	4632	1	861	0.0	1158
NZ_CP157363.1	gb|FLES01000010.1|+|120291-121152|ARO:3002461|LEN-11	90.951	862	76	2	3772	4632	1	861	0.0	1158
NZ_CP157363.1	gb|AM850912.2|+|0-861|ARO:3002469|LEN-22	90.951	862	76	2	3772	4632	1	861	0.0	1158
NZ_CP157363.1	gb|AM850909.2|+|0-861|ARO:3002466|LEN-19	90.951	862	76	2	3772	4632	1	861	0.0	1158
NZ_CP157363.1	gb|QIXO01000012.1|-|30208-31069|ARO:3002462|LEN-12	90.951	862	76	2	3772	4632	1	861	0.0	1158
NZ_CP157363.1	gb|AY037780.1|+|88-949|ARO:3002455|LEN-2	90.951	862	76	2	3772	4632	1	861	0.0	1158
NZ_CP157363.1	gb|NG_050605.1|+|100-961|ARO:3006934|LEN-31	90.835	862	77	2	3772	4632	1	861	0.0	1153
NZ_CP157363.1	gb|NG_060510.1|+|100-961|ARO:3006933|LEN-28	90.835	862	77	2	3772	4632	1	861	0.0	1153
NZ_CP157363.1	gb|FWOA01000001.1|-|576795-577656|ARO:3004838|LEN-30	90.835	862	77	2	3772	4632	1	861	0.0	1153
NZ_CP157363.1	gb|MK161460.1|+|0-861|ARO:3004846|LEN-43	90.835	862	77	2	3772	4632	1	861	0.0	1153
NZ_CP157363.1	gb|AY633109.1|+|0-861|ARO:3002456|LEN-5	90.835	862	77	2	3772	4632	1	861	0.0	1153
NZ_CP157363.1	gb|AM850910.2|+|0-861|ARO:3002467|LEN-20	90.835	862	77	2	3772	4632	1	861	0.0	1153
NZ_CP157363.1	gb|AM850911.2|+|0-861|ARO:3002468|LEN-21	90.835	862	77	2	3772	4632	1	861	0.0	1153
NZ_CP157363.1	gb|NG_068509.1|+|100-961|ARO:3006932|LEN-27	90.719	862	78	2	3772	4632	1	861	0.0	1147
NZ_CP157363.1	gb|CXPB01000032.1|+|60038-60899|ARO:3004840|LEN-34	90.730	863	76	4	3772	4632	1	861	0.0	1147
NZ_CP157363.1	gb|UKAA01000001.1|-|322202-323063|ARO:3004849|LEN-58	90.719	862	78	2	3772	4632	1	861	0.0	1147
NZ_CP157363.1	gb|AM850914.2|+|30-891|ARO:3002471|LEN-24	90.719	862	78	2	3772	4632	1	861	0.0	1147
NZ_CP157363.1	gb|CXPA01000063.1|+|153489-154350|ARO:3002457|LEN-7	90.719	862	78	2	3772	4632	1	861	0.0	1147
NZ_CP157366.1	gb|AF534183.1|+|2970-4245|ARO:3000165|tet(A)	100.000	1247	0	0	37293	38539	1	1247	0.0	2303
NZ_CP157366.1	gb|EU159120.1|+|0-858|ARO:3004826|LAP-2	100.000	858	0	0	42943	43800	1	858	0.0	1585
NZ_CP157366.1	gb|EF026092.1|+|0-858|ARO:3004825|LAP-1	99.883	858	1	0	42943	43800	1	858	0.0	1580
NZ_CP157366.1	gb|AY055428.1|-|20268-21084|ARO:3000412|sul2	100.000	816	0	0	28837	29652	1	816	0.0	1507
NZ_CP157366.1	gb|DQ485529.1|+|0-657|ARO:3002790|QnrS1	100.000	657	0	0	45397	46053	1	657	0.0	1214
NZ_CP157366.1	gb|MK303617.1|+|0-657|ARO:3004627|QnrS15	99.848	657	1	0	45397	46053	1	657	0.0	1208
NZ_CP157366.1	gb|JQ269335.1|-|33232-33889|ARO:3004624|QnrS11	99.848	657	1	0	45397	46053	1	657	0.0	1208
NZ_CP157366.1	gb|KF730651.1|+|0-657|ARO:3002796|QnrS7	99.848	657	1	0	45397	46053	1	657	0.0	1208
NZ_CP157366.1	gb|KF732714.1|+|0-657|ARO:3002798|QnrS9	99.848	657	1	0	45397	46053	1	657	0.0	1208
NZ_CP157366.1	gb|FJ418153.1|+|0-657|ARO:3002793|QnrS4	99.848	657	1	0	45397	46053	1	657	0.0	1208
NZ_CP157366.1	gb|KF730652.1|+|0-657|ARO:3002797|QnrS8	99.848	657	1	0	45397	46053	1	657	0.0	1208
NZ_CP157366.1	gb|MKQI01000097.1|+|776-1433|ARO:3004625|QnrS12	99.696	657	2	0	45397	46053	1	657	0.0	1203
NZ_CP157366.1	gb|JN836269.1|+|0-657|ARO:3004622|QnrS10	99.696	657	2	0	45397	46053	1	657	0.0	1203
NZ_CP157366.1	gb|EU077611.1|+|2-656|ARO:3002792|QnrS3	99.847	654	1	0	45400	46053	1	654	0.0	1203
NZ_CP157366.1	gb|HQ631377.1|+|0-657|ARO:3002794|QnrS5	96.189	656	25	0	45397	46052	1	656	0.0	1074
NZ_CP157366.1	gb|X53796.1|+|186-828|ARO:3004656|Ecol_catII	96.106	642	25	0	34945	35586	1	642	0.0	1048
NZ_CP157366.1	gb|KF921535.1|+|617-1091|ARO:3002859|dfrA14	100.000	474	0	0	23824	24297	1	474	0.0	876
NZ_CP157366.1	gb|DQ485530.1|+|0-657|ARO:3002791|QnrS2	90.259	657	62	2	45397	46052	1	656	0.0	857
NZ_CP157366.1	gb|HQ631376.1|+|0-657|ARO:3002795|QnrS6	90.107	657	63	2	45397	46052	1	656	0.0	852
NZ_CP157366.1	gb|X53797.1|+|133-775|ARO:3002684|catII	88.785	642	72	0	34945	35586	1	642	0.0	787
NZ_CP157366.1	gb|DQ278190.1|+|0-474|ARO:3002861|dfrA5	89.218	473	51	0	23825	24297	2	474	2.36e-167	592
NZ_CP157366.1	gb|AM997279.2|+|704-1178|ARO:3004552|dfrA30	88.372	473	55	0	23825	24297	2	474	1.10e-160	569
NZ_CP157366.1	gb|KR091911.1|-|74564-75350|ARO:3002578|AAC(6')-Ib7	100.000	210	0	0	23598	23807	1	210	3.32e-106	388
