qseqid	sseqid	pident	length	mismatch	gapopen	qstart	qend	sstart	send	evalue	bitscore
NZ_CM128563.1	gb|CP007727.1|-|807206-809555|ARO:3005059|LptD	100.000	2349	0	0	4733397	4735745	1	2349	0.0	4338
NZ_CM128563.1	gb|FO203501.1|+|5123640-5125365|ARO:3005047|eptB	99.652	1725	6	0	216339	218063	1	1725	0.0	3153
NZ_CM128563.1	gb|FO834906.1|+|304977-306633|ARO:3005053|ArnT	99.819	1656	3	0	298046	299701	1	1656	0.0	3042
NZ_CM128563.1	gb|U00096.3|-|481253-484403|ARO:3000216|acrB	83.940	3157	486	18	4287892	4291036	1	3148	0.0	3001
NZ_CM128563.1	gb|U00096.3|-|481253-484403|ARO:3000216|acrB	76.976	582	121	9	1541779	1542352	1555	979	7.85e-84	320
NZ_CM128563.1	gb|U00096.3|-|481253-484403|ARO:3000216|acrB	76.891	476	100	10	70763	71233	1463	993	4.82e-66	261
NZ_CM128563.1	gb|CP133868.1|-|5051597-5053037|ARO:3007682|MdtQ	99.514	1440	7	0	1794136	1795575	1	1440	0.0	2621
NZ_CM128563.1	gb|U00096.1|+|2158385-2161463|ARO:3000794|mdtC	81.899	3055	545	8	1849943	1852993	3051	1	0.0	2571
NZ_CM128563.1	gb|U00096.1|+|2155262-2158385|ARO:3000793|mdtB	81.519	3133	559	17	1852994	1856116	3123	1	0.0	2560
NZ_CM128563.1	gb|AP009048.1|+|2586250-2589364|ARO:3000491|acrD	80.492	3127	584	25	1540217	1543330	3114	1	0.0	2372
NZ_CM128563.1	gb|AP009048.1|+|2586250-2589364|ARO:3000491|acrD	79.433	423	81	6	70748	71167	1478	1059	4.76e-76	294
NZ_CM128563.1	gb|ACWO01000051.1|+|22092-23265|ARO:3004588|Kpne_KpnG	99.488	1173	6	0	1284662	1285834	1173	1	0.0	2134
NZ_CM128563.1	gb|FO834906.1|-|2173974-2175099|ARO:3005044|OmpA	99.733	1125	3	0	3656545	3657669	1	1125	0.0	2061
NZ_CM128563.1	gb|AJ318073.1|+|793-1990|ARO:3004041|Kpne_acrA	97.661	1197	25	2	4286676	4287869	1	1197	0.0	2052
NZ_CM128563.1	gb|AJ011502.1|+|300-1425|ARO:3004122|Kpne_OmpK37	95.498	1155	22	15	3117336	3118490	1	1125	0.0	1818
NZ_CM128563.1	gb|AJ011502.1|+|300-1425|ARO:3004122|Kpne_OmpK37	75.835	389	72	13	4465085	4465456	1044	661	5.00e-41	178
NZ_CM128563.1	gb|KP050489.1|+|0-861|ARO:3001364|SHV-182	99.884	861	1	0	2948574	2949434	1	861	0.0	1585
NZ_CM128563.1	gb|JX121126.1|+|0-858|ARO:3001198|SHV-159	99.883	858	1	0	2948574	2949431	1	858	0.0	1580
NZ_CM128563.1	gb|JX121125.1|+|0-858|ARO:3001197|SHV-158	99.883	858	1	0	2948574	2949431	1	858	0.0	1580
NZ_CM128563.1	gb|X98101.1|+|73-934|ARO:3001070|SHV-11	99.768	861	2	0	2948574	2949434	1	861	0.0	1580
NZ_CM128563.1	gb|JX121122.1|+|0-858|ARO:3001194|SHV-155	99.883	856	1	0	2948574	2949429	1	856	0.0	1576
NZ_CM128563.1	gb|JX121123.1|+|0-861|ARO:3001195|SHV-156	99.652	861	3	0	2948574	2949434	1	861	0.0	1574
NZ_CM128563.1	gb|NG_068211.1|+|100-961|ARO:3001165|SHV-116	99.535	861	4	0	2948574	2949434	1	861	0.0	1568
NZ_CM128563.1	gb|NG_062300.1|+|0-861|ARO:3005247|SHV-228	99.535	861	4	0	2948574	2949434	1	861	0.0	1568
NZ_CM128563.1	gb|NG_062287.1|+|0-861|ARO:3005243|SHV-215	99.535	861	4	0	2948574	2949434	1	861	0.0	1568
NZ_CM128563.1	gb|NG_062299.1|+|0-861|ARO:3005233|SHV-227	99.535	861	4	0	2948574	2949434	1	861	0.0	1568
NZ_CM128563.1	gb|DQ013287.1|+|0-861|ARO:3001124|SHV-70	99.535	861	4	0	2948574	2949434	1	861	0.0	1568
NZ_CM128563.1	gb|LN515533.1|+|0-867|ARO:3003154|SHV-187	99.308	867	6	0	2948568	2949434	1	867	0.0	1568
NZ_CM128563.1	gb|AM941848.1|+|0-861|ARO:3001156|SHV-107	99.535	861	4	0	2948574	2949434	1	861	0.0	1568
NZ_CM128563.1	gb|AF164577.1|+|0-861|ARO:3001072|SHV-13	99.535	861	4	0	2948574	2949434	1	861	0.0	1568
NZ_CM128563.1	gb|AY277255.2|+|66-927|ARO:3001089|SHV-31	99.535	861	4	0	2948574	2949434	1	861	0.0	1568
NZ_CM128563.1	gb|KF513178.1|+|0-861|ARO:3001357|SHV-173	99.535	861	4	0	2948574	2949434	1	861	0.0	1568
NZ_CM128563.1	gb|AM176549.2|+|30-891|ARO:3001128|SHV-74	99.535	861	4	0	2948574	2949434	1	861	0.0	1568
NZ_CM128563.1	gb|AF208796.2|+|0-861|ARO:3001083|SHV-25	99.535	861	4	0	2948574	2949434	1	861	0.0	1568
NZ_CM128563.1	gb|AM176550.2|+|30-891|ARO:3001129|SHV-75	99.535	861	4	0	2948574	2949434	1	861	0.0	1568
NZ_CM128563.1	gb|KM233164.1|+|0-861|ARO:3003152|SHV-185	99.535	861	4	0	2948574	2949434	1	861	0.0	1568
NZ_CM128563.1	gb|DQ174307.1|+|4-865|ARO:3001122|SHV-67	99.535	861	4	0	2948574	2949434	1	861	0.0	1568
NZ_CM128563.1	gb|DQ174308.1|+|4-865|ARO:3001123|SHV-69	99.535	861	4	0	2948574	2949434	1	861	0.0	1568
NZ_CM128563.1	gb|MF804906.1|+|0-867|ARO:3005253|SHV-202	99.193	867	7	0	2948568	2949434	1	867	0.0	1563
NZ_CM128563.1	gb|NG_062285.1|+|0-861|ARO:3005251|SHV-213	99.419	861	5	0	2948574	2949434	1	861	0.0	1563
NZ_CM128563.1	gb|NG_062289.1|+|0-861|ARO:3005250|SHV-217	99.419	861	5	0	2948574	2949434	1	861	0.0	1563
NZ_CM128563.1	gb|NG_055668.1|+|0-861|ARO:3005249|SHV-203	99.419	861	5	0	2948574	2949434	1	861	0.0	1563
NZ_CM128563.1	gb|NG_062281.1|+|0-861|ARO:3005242|SHV-209	99.419	861	5	0	2948574	2949434	1	861	0.0	1563
NZ_CM128563.1	gb|NG_062296.1|+|0-861|ARO:3005240|SHV-224	99.419	861	5	0	2948574	2949434	1	861	0.0	1563
NZ_CM128563.1	gb|NG_062286.1|+|0-861|ARO:3005235|SHV-214	99.419	861	5	0	2948574	2949434	1	861	0.0	1563
NZ_CM128563.1	gb|NG_062280.1|+|0-861|ARO:3005226|SHV-208	99.419	861	5	0	2948574	2949434	1	861	0.0	1563
NZ_CM128563.1	gb|JQ926986.1|+|0-861|ARO:3001345|SHV-144	99.419	861	5	0	2948574	2949434	1	861	0.0	1563
NZ_CM128563.1	gb|AF293345.1|+|0-861|ARO:3001085|SHV-27	99.419	861	5	0	2948574	2949434	1	861	0.0	1563
NZ_CM128563.1	gb|AF299299.1|+|0-861|ARO:3001086|SHV-28	99.419	861	5	0	2948574	2949434	1	861	0.0	1563
NZ_CM128563.1	gb|AF535128.1|+|0-861|ARO:3001098|SHV-40	99.419	861	5	0	2948574	2949434	1	861	0.0	1563
NZ_CM128563.1	gb|HQ877615.1|+|0-861|ARO:3001159|SHV-110	99.419	861	5	0	2948574	2949434	1	861	0.0	1563
NZ_CM128563.1	gb|DQ322460.1|+|15-876|ARO:3001139|SHV-85	99.419	861	5	0	2948574	2949434	1	861	0.0	1563
NZ_CM128563.1	gb|AM941845.1|+|0-861|ARO:3001337|SHV-99	99.419	861	5	0	2948574	2949434	1	861	0.0	1563
NZ_CM128563.1	gb|AB302939.1|+|8-869|ARO:3001115|SHV-60	99.419	861	5	0	2948574	2949434	1	861	0.0	1563
NZ_CM128563.1	gb|EF373970.1|+|0-861|ARO:3001146|SHV-94	99.419	861	5	0	2948574	2949434	1	861	0.0	1563
NZ_CM128563.1	gb|AM176556.2|+|25-886|ARO:3001135|SHV-81	99.419	861	5	0	2948574	2949434	1	861	0.0	1563
NZ_CM128563.1	gb|KJ776406.1|+|16-877|ARO:3001340|SHV-119	99.419	861	5	0	2948574	2949434	1	861	0.0	1563
NZ_CM128563.1	gb|FJ668814.1|+|76-937|ARO:3001059|SHV-1	99.419	861	5	0	2948574	2949434	1	861	0.0	1563
NZ_CM128563.1	gb|AM176552.2|+|30-891|ARO:3001131|SHV-77	99.419	861	5	0	2948574	2949434	1	861	0.0	1563
NZ_CM128563.1	gb|EF373971.1|+|0-861|ARO:3001148|SHV-96	99.419	861	5	0	2948574	2949434	1	861	0.0	1563
NZ_CM128563.1	gb|KF513177.1|+|0-861|ARO:3001356|SHV-172	99.419	861	5	0	2948574	2949434	1	861	0.0	1563
NZ_CM128563.1	gb|HQ661363.1|+|71-932|ARO:3001181|SHV-137	99.419	861	5	0	2948574	2949434	1	861	0.0	1563
NZ_CM128563.1	gb|HQ661362.1|+|71-932|ARO:3001168|SHV-121	99.419	861	5	0	2948574	2949434	1	861	0.0	1563
NZ_CM128563.1	gb|AY070258.1|+|0-861|ARO:3001093|SHV-35	99.419	861	5	0	2948574	2949434	1	861	0.0	1563
NZ_CM128563.1	gb|AJ866284.2|+|0-861|ARO:3001116|SHV-61	99.419	861	5	0	2948574	2949434	1	861	0.0	1563
NZ_CM128563.1	gb|DQ193536.1|+|0-861|ARO:3001141|SHV-89	99.419	861	5	0	2948574	2949434	1	861	0.0	1563
NZ_CM128563.1	gb|EU586041.1|+|0-861|ARO:3001112|SHV-56	99.419	861	5	0	2948574	2949434	1	861	0.0	1563
NZ_CM128563.1	gb|KF976405.1|+|7837-8698|ARO:3001071|SHV-12	99.419	861	5	0	2948574	2949434	1	861	0.0	1563
NZ_CM128563.1	gb|AM176554.2|+|30-891|ARO:3001133|SHV-79	99.419	861	5	0	2948574	2949434	1	861	0.0	1563
NZ_CM128563.1	gb|AM176558.2|+|0-861|ARO:3001137|SHV-83	99.418	859	5	0	2948576	2949434	3	861	0.0	1559
NZ_CM128563.1	gb|NG_050009.1|+|100-961|ARO:3001341|SHV-132	99.303	861	6	0	2948574	2949434	1	861	0.0	1557
NZ_CM128563.1	gb|NG_050058.1|+|0-861|ARO:3005239|SHV-193	99.303	861	6	0	2948574	2949434	1	861	0.0	1557
NZ_CM128563.1	gb|NG_050059.1|+|0-861|ARO:3005237|SHV-1b-b	99.303	861	6	0	2948574	2949434	1	861	0.0	1557
NZ_CM128563.1	gb|NG_062279.1|+|0-861|ARO:3005236|SHV-207	99.303	861	6	0	2948574	2949434	1	861	0.0	1557
NZ_CM128563.1	gb|NG_055503.1|+|0-861|ARO:3005232|SHV-199	99.303	861	6	0	2948574	2949434	1	861	0.0	1557
NZ_CM128563.1	gb|NG_062291.1|+|0-861|ARO:3005231|SHV-219	99.303	861	6	0	2948574	2949434	1	861	0.0	1557
NZ_CM128563.1	gb|NG_051521.1|+|0-861|ARO:3005229|SHV-196	99.303	861	6	0	2948574	2949434	1	861	0.0	1557
NZ_CM128563.1	gb|NG_062298.1|+|0-861|ARO:3005228|SHV-226	99.303	861	6	0	2948574	2949434	1	861	0.0	1557
NZ_CM128563.1	gb|NG_062278.1|+|0-861|ARO:3005227|SHV-206	99.303	861	6	0	2948574	2949434	1	861	0.0	1557
NZ_CM128563.1	gb|NG_051169.1|+|0-861|ARO:3005223|SHV-194	99.303	861	6	0	2948574	2949434	1	861	0.0	1557
NZ_CM128563.1	gb|NG_062288.1|+|0-861|ARO:3005215|SHV-216	99.303	861	6	0	2948574	2949434	1	861	0.0	1557
NZ_CM128563.1	gb|NG_062284.1|+|0-861|ARO:3005212|SHV-212	99.303	861	6	0	2948574	2949434	1	861	0.0	1557
NZ_CM128563.1	gb|KF705208.1|+|0-861|ARO:3001362|SHV-179	99.303	861	6	0	2948574	2949434	1	861	0.0	1557
NZ_CM128563.1	gb|KF705209.1|+|0-861|ARO:3001361|SHV-178	99.303	861	6	0	2948574	2949434	1	861	0.0	1557
NZ_CM128563.1	gb|JX013655.1|+|0-861|ARO:3001185|SHV-145	99.303	861	6	0	2948574	2949434	1	861	0.0	1557
NZ_CM128563.1	gb|AY259119.1|+|116-977|ARO:3001102|SHV-44	99.303	861	6	0	2948574	2949434	1	861	0.0	1557
NZ_CM128563.1	gb|AM941844.1|+|0-861|ARO:3001336|SHV-98	99.303	861	6	0	2948574	2949434	1	861	0.0	1557
NZ_CM128563.1	gb|JX121127.1|+|0-861|ARO:3001199|SHV-160	99.303	861	6	0	2948574	2949434	1	861	0.0	1557
NZ_CM128563.1	gb|AB372881.1|+|8-869|ARO:3001160|SHV-111	99.303	861	6	0	2948574	2949434	1	861	0.0	1557
NZ_CM128563.1	gb|EF373972.1|+|0-861|ARO:3001147|SHV-95	99.303	861	6	0	2948574	2949434	1	861	0.0	1557
NZ_CM128563.1	gb|X98102.1|+|73-934|ARO:3001061|SHV-2A	99.303	861	6	0	2948574	2949434	1	861	0.0	1557
NZ_CM128563.1	gb|JQ341060.1|-|881-1742|ARO:3001344|SHV-143	99.303	861	6	0	2948574	2949434	1	861	0.0	1557
NZ_CM128563.1	gb|AY289548.1|+|0-861|ARO:3001108|SHV-51	99.303	861	6	0	2948574	2949434	1	861	0.0	1557
NZ_CM128563.1	gb|HQ637576.1|+|0-861|ARO:3001179|SHV-135	99.303	861	6	0	2948574	2949434	1	861	0.0	1557
NZ_CM128563.1	gb|AF227204.1|+|73-934|ARO:3001084|SHV-26	99.303	861	6	0	2948574	2949434	1	861	0.0	1557
NZ_CM128563.1	gb|AM176555.2|+|0-861|ARO:3001134|SHV-80	99.303	861	6	0	2948574	2949434	1	861	0.0	1557
NZ_CM128563.1	gb|DAGGWD010000033.1|+|85-946|ARO:3001077|SHV-19	99.303	861	6	0	2948574	2949434	1	861	0.0	1557
NZ_CM128563.1	gb|HM559945.1|+|0-861|ARO:3001178|SHV-134	99.303	861	6	0	2948574	2949434	1	861	0.0	1557
NZ_CM128563.1	gb|DQ174306.1|+|4-865|ARO:3001121|SHV-66	99.303	861	6	0	2948574	2949434	1	861	0.0	1557
NZ_CM128563.1	gb|EF373969.1|+|0-861|ARO:3001145|SHV-93	99.303	861	6	0	2948574	2949434	1	861	0.0	1557
NZ_CM128563.1	gb|JX268631.1|+|0-861|ARO:3001091|SHV-33	99.303	861	6	0	2948574	2949434	1	861	0.0	1557
NZ_CM128563.1	gb|JX121128.1|+|0-861|ARO:3001200|SHV-161	99.303	861	6	0	2948574	2949434	1	861	0.0	1557
NZ_CM128563.1	gb|JX121124.1|+|0-861|ARO:3001196|SHV-157	99.303	861	6	0	2948574	2949434	1	861	0.0	1557
NZ_CM128563.1	gb|AF226622.1|+|54-915|ARO:3001073|SHV-14	99.303	861	6	0	2948574	2949434	1	861	0.0	1557
NZ_CM128563.1	gb|EF373973.1|+|0-861|ARO:3001149|SHV-97	99.303	861	6	0	2948574	2949434	1	861	0.0	1557
NZ_CM128563.1	gb|AJ866285.2|+|0-861|ARO:3001117|SHV-62	99.303	861	6	0	2948574	2949434	1	861	0.0	1557
NZ_CM128563.1	gb|HM751100.1|+|0-861|ARO:3001157|SHV-108	99.303	861	6	0	2948574	2949434	1	861	0.0	1557
NZ_CM128563.1	gb|JQ029959.1|+|28-889|ARO:3001184|SHV-142	99.303	861	6	0	2948574	2949434	1	861	0.0	1557
NZ_CM128563.1	gb|AY079099.1|+|148-1009|ARO:3001096|SHV-38	99.303	861	6	0	2948574	2949434	1	861	0.0	1557
NZ_CM128563.1	gb|AF467947.1|+|0-861|ARO:3001094|SHV-36	99.303	861	6	0	2948574	2949434	1	861	0.0	1557
NZ_CM128563.1	gb|DAGOBI010000132.1|+|1383-2244|ARO:3001065|SHV-6	99.303	861	6	0	2948574	2949434	1	861	0.0	1557
NZ_CM128563.1	gb|AM176553.2|+|30-891|ARO:3001132|SHV-78	99.303	861	6	0	2948574	2949434	1	861	0.0	1557
NZ_CM128563.1	gb|AY037778.1|+|91-952|ARO:3001090|SHV-32	99.303	861	6	0	2948574	2949434	1	861	0.0	1557
NZ_CM128563.1	gb|EU155018.1|+|0-861|ARO:3001150|SHV-101	99.303	861	6	0	2948574	2949434	1	861	0.0	1557
NZ_CM128563.1	gb|AF535130.1|+|0-861|ARO:3001100|SHV-42	99.303	861	6	0	2948574	2949434	1	861	0.0	1557
NZ_CM128563.1	gb|EU274581.1|+|0-861|ARO:3001153|SHV-104	99.302	860	6	0	2948575	2949434	2	861	0.0	1555
NZ_CM128563.1	gb|JX121115.1|+|0-858|ARO:3001187|SHV-148	99.416	856	5	0	2948574	2949429	1	856	0.0	1554
NZ_CM128563.1	gb|NG_050057.1|+|0-861|ARO:3003591|SHV-191	99.187	861	7	0	2948574	2949434	1	861	0.0	1552
NZ_CM128563.1	gb|NG_068212.1|+|100-961|ARO:3001355|SHV-171	99.187	861	7	0	2948574	2949434	1	861	0.0	1552
NZ_CM128563.1	gb|NG_062297.1|+|0-861|ARO:3005241|SHV-225	99.187	861	7	0	2948574	2949434	1	861	0.0	1552
NZ_CM128563.1	gb|NG_062283.1|+|0-861|ARO:3005230|SHV-211	99.187	861	7	0	2948574	2949434	1	861	0.0	1552
NZ_CM128563.1	gb|NG_062282.1|+|0-861|ARO:3005225|SHV-210	99.187	861	7	0	2948574	2949434	1	861	0.0	1552
NZ_CM128563.1	gb|NG_057611.1|+|0-861|ARO:3005213|SHV-204	99.187	861	7	0	2948574	2949434	1	861	0.0	1552
NZ_CM128563.1	gb|NG_062244.1|+|0-861|ARO:3005211|SHV-201	99.187	861	7	0	2948574	2949434	1	861	0.0	1552
NZ_CM128563.1	gb|NG_051484.1|+|0-861|ARO:3005210|SHV-195	99.187	861	7	0	2948574	2949434	1	861	0.0	1552
NZ_CM128563.1	gb|NG_062276.1|+|0-861|ARO:3005207|SHV-205	99.187	861	7	0	2948574	2949434	1	861	0.0	1552
NZ_CM128563.1	gb|AY288915.1|+|0-861|ARO:3001107|SHV-50	99.187	861	7	0	2948574	2949434	1	861	0.0	1552
NZ_CM128563.1	gb|AF301532.1|+|7-868|ARO:3001087|SHV-29	99.187	861	7	0	2948574	2949434	1	861	0.0	1552
NZ_CM128563.1	gb|JF812965.1|+|0-861|ARO:3001167|SHV-120	99.187	861	7	0	2948574	2949434	1	861	0.0	1552
NZ_CM128563.1	gb|DQ328802.1|+|0-861|ARO:3001140|SHV-86	99.187	861	7	0	2948574	2949434	1	861	0.0	1552
NZ_CM128563.1	gb|DQ174305.1|+|4-865|ARO:3001120|SHV-65	99.187	861	7	0	2948574	2949434	1	861	0.0	1552
NZ_CM128563.1	gb|EU418913.1|+|16-877|ARO:3001158|SHV-109	99.187	861	7	0	2948574	2949434	1	861	0.0	1552
NZ_CM128563.1	gb|AY790341.1|+|0-861|ARO:3001114|SHV-59	99.187	861	7	0	2948574	2949434	1	861	0.0	1552
NZ_CM128563.1	gb|AM176546.2|+|0-861|ARO:3001125|SHV-71	99.187	861	7	0	2948574	2949434	1	861	0.0	1552
NZ_CM128563.1	gb|EU032604.1|+|0-861|ARO:3001152|SHV-103	99.187	861	7	0	2948574	2949434	1	861	0.0	1552
NZ_CM128563.1	gb|AF148851.1|+|5-866|ARO:3001060|SHV-2	99.187	861	7	0	2948574	2949434	1	861	0.0	1552
NZ_CM128563.1	gb|AM176551.2|+|30-891|ARO:3001130|SHV-76	99.187	861	7	0	2948574	2949434	1	861	0.0	1552
NZ_CM128563.1	gb|KM233165.1|+|0-861|ARO:3003153|SHV-186	99.187	861	7	0	2948574	2949434	1	861	0.0	1552
NZ_CM128563.1	gb|AM941847.1|+|0-861|ARO:3001155|SHV-106	99.187	861	7	0	2948574	2949434	1	861	0.0	1552
NZ_CM128563.1	gb|JQ388884.1|+|0-861|ARO:3001183|SHV-141	99.187	861	7	0	2948574	2949434	1	861	0.0	1552
NZ_CM128563.1	gb|AY223863.1|+|170-1031|ARO:3001113|SHV-57	99.187	861	7	0	2948574	2949434	1	861	0.0	1552
NZ_CM128563.1	gb|AF467948.1|+|0-861|ARO:3001095|SHV-37	99.187	861	7	0	2948574	2949434	1	861	0.0	1552
NZ_CM128563.1	gb|AM176557.2|+|0-861|ARO:3001136|SHV-82	99.187	861	7	0	2948574	2949434	1	861	0.0	1552
NZ_CM128563.1	gb|AY528718.1|+|413-1274|ARO:3001106|SHV-49	99.187	861	7	0	2948574	2949434	1	861	0.0	1552
NZ_CM128563.1	gb|AB551737.1|+|14-875|ARO:3001177|SHV-133	99.187	861	7	0	2948574	2949434	1	861	0.0	1552
NZ_CM128563.1	gb|U92041.1|+|0-861|ARO:3001067|SHV-8	99.187	861	7	0	2948574	2949434	1	861	0.0	1552
NZ_CM128563.1	gb|AJ011428.2|+|0-861|ARO:3001074|SHV-15	99.187	861	7	0	2948574	2949434	1	861	0.0	1552
NZ_CM128563.1	gb|KP050487.1|+|0-861|ARO:3001350|SHV-180	99.187	861	7	0	2948574	2949434	1	861	0.0	1552
NZ_CM128563.1	gb|HE981194.1|+|0-861|ARO:3001347|SHV-164	99.187	861	7	0	2948574	2949434	1	861	0.0	1552
NZ_CM128563.1	gb|JX121119.1|+|0-858|ARO:3001191|SHV-152	99.301	858	6	0	2948574	2949431	1	858	0.0	1552
NZ_CM128563.1	gb|DQ174304.1|+|4-865|ARO:3001119|SHV-64	99.187	861	7	0	2948574	2949434	1	861	0.0	1552
NZ_CM128563.1	gb|AB023477.1|+|0-861|ARO:3001082|SHV-24	99.187	861	7	0	2948574	2949434	1	861	0.0	1552
NZ_CM128563.1	gb|HG934764.1|+|0-864|ARO:3001351|SHV-183	99.074	864	5	1	2948574	2949434	1	864	0.0	1548
NZ_CM128563.1	gb|JN051143.1|+|0-861|ARO:3001182|SHV-140	99.185	859	7	0	2948576	2949434	3	861	0.0	1548
NZ_CM128563.1	gb|HM751103.1|+|0-864|ARO:3001169|SHV-122	99.074	864	5	3	2948574	2949434	1	864	0.0	1548
NZ_CM128563.1	gb|NG_067162.1|+|0-861|ARO:3001164|SHV-115	99.071	861	8	0	2948574	2949434	1	861	0.0	1546
NZ_CM128563.1	gb|NG_062293.1|+|0-861|ARO:3005252|SHV-221	99.071	861	8	0	2948574	2949434	1	861	0.0	1546
NZ_CM128563.1	gb|NG_052582.1|+|0-861|ARO:3005214|SHV-197	99.071	861	8	0	2948574	2949434	1	861	0.0	1546
NZ_CM128563.1	gb|NG_055284.1|+|0-861|ARO:3005209|SHV-198	99.071	861	8	0	2948574	2949434	1	861	0.0	1546
NZ_CM128563.1	gb|LT985229.1|+|36107-36968|ARO:3001063|SHV-4	99.071	861	8	0	2948574	2949434	1	861	0.0	1546
NZ_CM128563.1	gb|KX092356.1|+|192-1053|ARO:3001062|SHV-3	99.071	861	8	0	2948574	2949434	1	861	0.0	1546
NZ_CM128563.1	gb|KP050494.1|+|0-861|ARO:3003156|SHV-189	99.071	861	8	0	2948574	2949434	1	861	0.0	1546
NZ_CM128563.1	gb|X55640.1|+|111-972|ARO:3001064|SHV-5	99.071	861	8	0	2948574	2949434	1	861	0.0	1546
NZ_CM128563.1	gb|DAGGVK010000093.1|+|2639-3500|ARO:3001138|SHV-84	99.071	861	8	0	2948574	2949434	1	861	0.0	1546
NZ_CM128563.1	gb|JX121121.1|+|0-858|ARO:3001193|SHV-154	99.184	858	7	0	2948574	2949431	1	858	0.0	1546
NZ_CM128563.1	gb|AF547625.1|+|0-861|ARO:3001103|SHV-45	99.071	861	8	0	2948574	2949434	1	861	0.0	1546
NZ_CM128563.1	gb|AY263404.1|+|0-861|ARO:3001105|SHV-48	99.071	861	8	0	2948574	2949434	1	861	0.0	1546
NZ_CM128563.1	gb|EU342351.1|+|172-1033|ARO:3001118|SHV-63	99.071	861	8	0	2948574	2949434	1	861	0.0	1546
NZ_CM128563.1	gb|JX121114.1|+|0-858|ARO:3001186|SHV-147	99.184	858	7	0	2948574	2949431	1	858	0.0	1546
NZ_CM128563.1	gb|JX870080.1|+|0-861|ARO:3001352|SHV-168	99.071	861	8	0	2948574	2949434	1	861	0.0	1546
NZ_CM128563.1	gb|AJ863560.2|+|0-861|ARO:3001111|SHV-55	99.071	861	8	0	2948574	2949434	1	861	0.0	1546
NZ_CM128563.1	gb|JX121117.1|+|0-858|ARO:3001189|SHV-150	99.184	858	7	0	2948574	2949431	1	858	0.0	1546
NZ_CM128563.1	gb|AY065991.1|+|6-867|ARO:3001101|SHV-43	99.071	861	8	0	2948574	2949434	1	861	0.0	1546
NZ_CM128563.1	gb|EU024485.1|+|0-861|ARO:3001151|SHV-102	99.071	861	8	0	2948574	2949434	1	861	0.0	1546
NZ_CM128563.1	gb|AM176547.2|+|30-891|ARO:3001126|SHV-72	99.071	861	8	0	2948574	2949434	1	861	0.0	1546
NZ_CM128563.1	gb|GU827715.1|+|0-861|ARO:3001176|SHV-129	99.071	861	8	0	2948574	2949434	1	861	0.0	1546
NZ_CM128563.1	gb|AY661885.1|+|48-909|ARO:3001088|SHV-30	99.071	861	8	0	2948574	2949434	1	861	0.0	1546
NZ_CM128563.1	gb|DQ836922.1|+|0-861|ARO:3001144|SHV-92	99.071	861	8	0	2948574	2949434	1	861	0.0	1546
NZ_CM128563.1	gb|AF535129.1|+|0-861|ARO:3001099|SHV-41	99.071	861	8	0	2948574	2949434	1	861	0.0	1546
NZ_CM128563.1	gb|JX121130.1|+|0-858|ARO:3001202|SHV-163	99.182	856	7	0	2948574	2949429	1	856	0.0	1543
NZ_CM128563.1	gb|NG_050056.1|+|0-861|ARO:3003590|SHV-190	98.955	861	9	0	2948574	2949434	1	861	0.0	1541
NZ_CM128563.1	gb|NG_050020.1|+|0-861|ARO:3001346|SHV-146	98.955	861	9	0	2948574	2949434	1	861	0.0	1541
NZ_CM128563.1	gb|NG_055588.1|+|0-861|ARO:3005248|SHV-200	98.955	861	9	0	2948574	2949434	1	861	0.0	1541
NZ_CM128563.1	gb|NG_062290.1|+|0-861|ARO:3005238|SHV-218	98.955	861	9	0	2948574	2949434	1	861	0.0	1541
NZ_CM128563.1	gb|NG_062295.1|+|0-861|ARO:3005234|SHV-223	98.955	861	9	0	2948574	2949434	1	861	0.0	1541
NZ_CM128563.1	gb|NG_062292.1|+|0-861|ARO:3005224|SHV-220	98.955	861	9	0	2948574	2949434	1	861	0.0	1541
NZ_CM128563.1	gb|NG_062294.1|+|0-861|ARO:3005208|SHV-222	98.955	861	9	0	2948574	2949434	1	861	0.0	1541
NZ_CM128563.1	gb|U20270.1|+|124-985|ARO:3001066|SHV-7	98.955	861	9	0	2948574	2949434	1	861	0.0	1541
NZ_CM128563.1	gb|JX121118.1|+|0-858|ARO:3001190|SHV-151	99.068	858	8	0	2948574	2949431	1	858	0.0	1541
NZ_CM128563.1	gb|AY036620.1|+|88-949|ARO:3001092|SHV-34	98.955	861	9	0	2948574	2949434	1	861	0.0	1541
NZ_CM128563.1	gb|JX121116.1|+|0-858|ARO:3001188|SHV-149	99.068	858	8	0	2948574	2949431	1	858	0.0	1541
NZ_CM128563.1	gb|JX121120.1|+|0-858|ARO:3001192|SHV-153	99.068	858	8	0	2948574	2949431	1	858	0.0	1541
NZ_CM128563.1	gb|LN515534.1|+|0-873|ARO:3003155|SHV-188	98.625	873	6	1	2948568	2949434	1	873	0.0	1541
NZ_CM128563.1	gb|AF132290.1|+|87-948|ARO:3001076|SHV-18	98.955	861	9	0	2948574	2949434	1	861	0.0	1541
NZ_CM128563.1	gb|HQ845196.1|+|0-861|ARO:3001109|SHV-52	98.955	861	9	0	2948574	2949434	1	861	0.0	1541
NZ_CM128563.1	gb|JX121131.1|+|0-858|ARO:3001203|SHV-165	98.951	858	9	0	2948574	2949431	1	858	0.0	1535
NZ_CM128563.1	gb|AY210887.1|+|111-972|ARO:3001104|SHV-46	98.839	861	10	0	2948574	2949434	1	861	0.0	1535
NZ_CM128563.1	gb|JX121129.1|+|0-858|ARO:3001201|SHV-162	98.951	858	9	0	2948574	2949431	1	858	0.0	1535
NZ_CM128563.1	gb|GU932590.1|+|0-861|ARO:3001175|SHV-128	98.839	861	10	0	2948574	2949434	1	861	0.0	1535
NZ_CM128563.1	gb|FJ194944.1|+|46-907|ARO:3001154|SHV-105	98.839	861	10	0	2948574	2949434	1	861	0.0	1535
NZ_CM128563.1	gb|AM176548.2|+|16-874|ARO:3001127|SHV-73	99.062	853	8	0	2948582	2949434	6	858	0.0	1531
NZ_CM128563.1	gb|AB733453.1|+|3-849|ARO:3001204|SHV-167	99.054	846	8	0	2948574	2949419	1	846	0.0	1519
NZ_CM128563.1	gb|S82452.1|+|120-978|ARO:3001068|SHV-9	98.026	861	14	1	2948574	2949434	1	858	0.0	1493
NZ_CM128563.1	gb|ASTU01000063.1|+|61248-62787|ARO:3004597|Kpne_KpnH	84.187	1543	236	6	1283108	1284646	1539	1	0.0	1491
NZ_CM128563.1	gb|U00096.1|+|2812615-2814154|ARO:3000074|emrB	84.156	1540	242	2	1283108	1284646	1539	1	0.0	1491
NZ_CM128563.1	gb|AF072684.2|+|117-993|ARO:3001075|SHV-16	97.377	877	6	3	2948574	2949434	1	876	0.0	1476
NZ_CM128563.1	gb|GQ390807.1|+|0-813|ARO:3001172|SHV-125	99.016	813	8	0	2948574	2949386	1	813	0.0	1458
NZ_CM128563.1	gb|GQ390809.1|+|0-813|ARO:3001174|SHV-127	98.893	813	9	0	2948574	2949386	1	813	0.0	1452
NZ_CM128563.1	gb|GQ390808.1|+|0-813|ARO:3001173|SHV-126	98.893	813	9	0	2948574	2949386	1	813	0.0	1452
NZ_CM128563.1	gb|GQ390806.1|+|0-813|ARO:3001171|SHV-124	98.893	813	9	0	2948574	2949386	1	813	0.0	1452
NZ_CM128563.1	gb|GQ390805.1|+|0-813|ARO:3001170|SHV-123	98.770	813	10	0	2948574	2949386	1	813	0.0	1447
NZ_CM128563.1	gb|NG_049352.1|+|100-961|ARO:3006956|OHIO-1	96.875	864	21	6	2948574	2949434	1	861	0.0	1441
NZ_CM128563.1	gb|NG_070893.1|+|0-861|ARO:3006863|AAK-1	96.262	856	32	0	2948574	2949429	1	856	0.0	1404
NZ_CM128563.1	gb|AM941846.1|+|0-900|ARO:3001338|SHV-100	99.481	770	4	0	2948665	2949434	131	900	0.0	1400
NZ_CM128563.1	gb|AM941846.1|+|0-900|ARO:3001338|SHV-100	98.496	133	2	0	2948574	2948706	1	133	2.92e-58	235
NZ_CM128563.1	gb|AF117744.1|+|0-780|ARO:3001078|SHV-20	98.974	780	8	0	2948604	2949383	1	780	0.0	1397
NZ_CM128563.1	gb|AF117746.1|+|0-780|ARO:3001080|SHV-22	98.846	780	9	0	2948604	2949383	1	780	0.0	1391
NZ_CM128563.1	gb|AF117745.1|+|0-780|ARO:3001079|SHV-21	98.846	780	9	0	2948604	2949383	1	780	0.0	1391
NZ_CM128563.1	gb|AF117747.1|+|0-780|ARO:3001081|SHV-23	98.718	780	10	0	2948604	2949383	1	780	0.0	1386
NZ_CM128563.1	gb|AY590467.1|+|1-727|ARO:3001110|SHV-53	99.449	726	4	0	2948595	2949320	1	726	0.0	1319
NZ_CM128563.1	gb|AE004091.2|-|2850882-2854014|ARO:3004074|MuxB	74.927	3103	658	100	1853042	1856084	3048	6	0.0	1310
NZ_CM128563.1	gb|NG_067155.1|+|0-861|ARO:3006152|OKP-C-1	92.575	862	62	2	2948574	2949434	1	861	0.0	1236
NZ_CM128563.1	gb|MK161461.1|+|0-861|ARO:3004844|LEN-41	91.647	862	70	2	2948574	2949434	1	861	0.0	1192
NZ_CM128563.1	gb|MK161459.1|+|0-861|ARO:3004843|LEN-40	91.415	862	72	2	2948574	2949434	1	861	0.0	1181
NZ_CM128563.1	gb|U00096.1|+|3415032-3418137|ARO:3000502|AcrF	73.906	3131	732	71	4287900	4290988	10	3097	0.0	1177
NZ_CM128563.1	gb|FLES01000010.1|+|120291-121152|ARO:3002461|LEN-11	91.299	862	73	2	2948574	2949434	1	861	0.0	1175
NZ_CM128563.1	gb|AM850912.2|+|0-861|ARO:3002469|LEN-22	91.299	862	73	2	2948574	2949434	1	861	0.0	1175
NZ_CM128563.1	gb|AM850909.2|+|0-861|ARO:3002466|LEN-19	91.299	862	73	2	2948574	2949434	1	861	0.0	1175
NZ_CM128563.1	gb|QIXO01000012.1|-|30208-31069|ARO:3002462|LEN-12	91.299	862	73	2	2948574	2949434	1	861	0.0	1175
NZ_CM128563.1	gb|AY037780.1|+|88-949|ARO:3002455|LEN-2	91.299	862	73	2	2948574	2949434	1	861	0.0	1175
NZ_CM128563.1	gb|NG_060510.1|+|100-961|ARO:3006933|LEN-28	91.183	862	74	2	2948574	2949434	1	861	0.0	1170
NZ_CM128563.1	gb|FWOA01000001.1|-|576795-577656|ARO:3004838|LEN-30	91.183	862	74	2	2948574	2949434	1	861	0.0	1170
NZ_CM128563.1	gb|MK161460.1|+|0-861|ARO:3004846|LEN-43	91.183	862	74	2	2948574	2949434	1	861	0.0	1170
NZ_CM128563.1	gb|DQ149134.1|+|0-861|ARO:3002473|LEN-17	91.183	862	74	2	2948574	2949434	1	861	0.0	1170
NZ_CM128563.1	gb|AY633109.1|+|0-861|ARO:3002456|LEN-5	91.183	862	74	2	2948574	2949434	1	861	0.0	1170
NZ_CM128563.1	gb|AM850910.2|+|0-861|ARO:3002467|LEN-20	91.183	862	74	2	2948574	2949434	1	861	0.0	1170
NZ_CM128563.1	gb|AM850911.2|+|0-861|ARO:3002468|LEN-21	91.183	862	74	2	2948574	2949434	1	861	0.0	1170
NZ_CM128563.1	gb|NG_068509.1|+|100-961|ARO:3006932|LEN-27	91.067	862	75	2	2948574	2949434	1	861	0.0	1164
NZ_CM128563.1	gb|KR738738.1|+|0-861|ARO:3004828|LEN-36	91.067	862	75	2	2948574	2949434	1	861	0.0	1164
NZ_CM128563.1	gb|CXPB01000032.1|+|60038-60899|ARO:3004840|LEN-34	91.078	863	73	4	2948574	2949434	1	861	0.0	1164
NZ_CM128563.1	gb|UKAA01000001.1|-|322202-323063|ARO:3004849|LEN-58	91.067	862	75	2	2948574	2949434	1	861	0.0	1164
NZ_CM128563.1	gb|AM850914.2|+|30-891|ARO:3002471|LEN-24	91.067	862	75	2	2948574	2949434	1	861	0.0	1164
NZ_CM128563.1	gb|CXPA01000063.1|+|153489-154350|ARO:3002457|LEN-7	91.067	862	75	2	2948574	2949434	1	861	0.0	1164
NZ_CM128563.1	gb|AM850908.2|+|0-861|ARO:3002465|LEN-18	91.067	862	75	2	2948574	2949434	1	861	0.0	1164
NZ_CM128563.1	gb|CP001891.1|+|2841996-2842857|ARO:3002463|LEN-13	91.067	862	75	2	2948574	2949434	1	861	0.0	1164
NZ_CM128563.1	gb|AY743416.1|+|67-928|ARO:3002464|LEN-16	91.067	862	75	2	2948574	2949434	1	861	0.0	1164
NZ_CM128563.1	gb|CP016344.1|+|2782791-2783652|ARO:3002459|LEN-9	91.067	862	75	2	2948574	2949434	1	861	0.0	1164
NZ_CM128563.1	gb|NG_050605.1|+|100-961|ARO:3006934|LEN-31	90.951	862	76	2	2948574	2949434	1	861	0.0	1158
NZ_CM128563.1	gb|MK161458.1|+|0-861|ARO:3004842|LEN-39	90.951	862	76	2	2948574	2949434	1	861	0.0	1158
NZ_CM128563.1	gb|MK161457.1|+|0-861|ARO:3004841|LEN-38	90.951	862	76	2	2948574	2949434	1	861	0.0	1158
NZ_CM128563.1	gb|KR738737.1|+|0-861|ARO:3004827|LEN-35	90.962	863	74	4	2948574	2949434	1	861	0.0	1158
NZ_CM128563.1	gb|NLDD01000006.1|+|119723-120584|ARO:3004848|LEN-55	90.951	862	76	2	2948574	2949434	1	861	0.0	1158
NZ_CM128563.1	gb|CP033631.1|+|3042328-3043189|ARO:3004847|LEN-51	90.951	862	76	2	2948574	2949434	1	861	0.0	1158
NZ_CM128563.1	gb|CBBA010000184.1|+|3395-4256|ARO:3002460|LEN-10	90.951	862	76	2	2948574	2949434	1	861	0.0	1158
NZ_CM128563.1	gb|CDMV01000010.1|+|131908-132769|ARO:3004839|LEN-32	90.835	862	77	2	2948574	2949434	1	861	0.0	1153
NZ_CM128563.1	gb|HQ709169.1|+|0-861|ARO:3002479|LEN-25	90.835	862	77	2	2948574	2949434	1	861	0.0	1153
NZ_CM128563.1	gb|MK161462.1|+|0-861|ARO:3004845|LEN-42	90.835	862	77	2	2948574	2949434	1	861	0.0	1153
NZ_CM128563.1	gb|AM850913.2|+|0-861|ARO:3002470|LEN-23	90.835	862	77	2	2948574	2949434	1	861	0.0	1153
NZ_CM128563.1	gb|KR738739.1|+|0-861|ARO:3004829|LEN-37	90.719	862	78	2	2948574	2949434	1	861	0.0	1147
NZ_CM128563.1	gb|CEGG01000030.1|+|7354-8215|ARO:3002458|LEN-8	90.719	862	78	2	2948574	2949434	1	861	0.0	1147
NZ_CM128563.1	gb|BA000007.3|-|4903688-4905062|ARO:3000830|cpxA	81.832	1365	246	2	5488901	5490264	1	1364	0.0	1146
NZ_CM128563.1	gb|JX124390.1|+|0-861|ARO:3002474|LEN-26	90.603	862	79	2	2948574	2949434	1	861	0.0	1142
NZ_CM128563.1	gb|AF452105.1|+|0-840|ARO:3002478|LEN-15	90.855	842	74	3	2948574	2949414	1	840	0.0	1125
NZ_CM128563.1	gb|AY130287.1|+|1-823|ARO:3002472|LEN-4	91.241	822	70	2	2948596	2949416	2	822	0.0	1118
NZ_CM128563.1	gb|X04515.1|+|285-1125|ARO:3002454|LEN-1	90.618	842	76	3	2948574	2949414	1	840	0.0	1114
NZ_CM128563.1	gb|AY130286.1|+|1-823|ARO:3002475|LEN-3	91.119	822	71	2	2948596	2949416	2	822	0.0	1112
NZ_CM128563.1	gb|FJ534513.1|+|0-861|ARO:3002430|OKP-A-13	88.399	862	98	2	2948574	2949434	1	861	0.0	1037
NZ_CM128563.1	gb|AM850915.2|+|19-880|ARO:3002428|OKP-A-11	88.413	863	96	4	2948574	2949434	1	861	0.0	1037
NZ_CM128563.1	gb|FJ755840.1|+|0-861|ARO:3002433|OKP-A-16	88.181	863	98	4	2948574	2949434	1	861	0.0	1026
NZ_CM128563.1	gb|AM850919.2|+|24-885|ARO:3002450|OKP-B-17	88.167	862	100	2	2948574	2949434	1	861	0.0	1026
NZ_CM128563.1	gb|AM850918.2|+|24-885|ARO:3002438|OKP-B-5	88.167	862	100	2	2948574	2949434	1	861	0.0	1026
NZ_CM128563.1	gb|FJ534512.1|+|0-861|ARO:3002431|OKP-A-14	88.167	862	100	2	2948574	2949434	1	861	0.0	1026
NZ_CM128563.1	gb|AM850916.2|+|18-879|ARO:3002429|OKP-A-12	88.181	863	98	4	2948574	2949434	1	861	0.0	1026
NZ_CM128563.1	gb|NG_049361.1|+|100-961|ARO:3006141|OKP-A-17	88.167	862	98	4	2948574	2949433	1	860	0.0	1024
NZ_CM128563.1	gb|AJ635401.2|+|0-861|ARO:3002418|OKP-A-1	88.153	861	100	2	2948574	2949433	1	860	0.0	1024
NZ_CM128563.1	gb|AM051143.1|+|0-861|ARO:3002422|OKP-A-5	88.167	862	98	4	2948574	2949433	1	860	0.0	1024
NZ_CM128563.1	gb|AM051153.1|+|0-861|ARO:3002437|OKP-B-4	88.153	861	100	2	2948574	2949433	1	860	0.0	1024
NZ_CM128563.1	gb|AM051140.1|+|0-861|ARO:3002420|OKP-A-3	88.167	862	98	4	2948574	2949433	1	860	0.0	1024
NZ_CM128563.1	gb|NG_067146.1|+|0-861|ARO:3006142|OKP-B-16	88.051	862	101	2	2948574	2949434	1	861	0.0	1020
NZ_CM128563.1	gb|AM850917.2|+|17-878|ARO:3002439|OKP-B-6	88.051	862	101	2	2948574	2949434	1	861	0.0	1020
NZ_CM128563.1	gb|NG_067148.1|+|100-961|ARO:3006144|OKP-B-22	88.037	861	101	2	2948574	2949433	1	860	0.0	1018
NZ_CM128563.1	gb|AM051142.1|+|0-861|ARO:3002421|OKP-A-4	88.037	861	101	2	2948574	2949433	1	860	0.0	1018
NZ_CM128563.1	gb|AM051147.1|+|0-861|ARO:3002425|OKP-A-8	88.037	861	101	2	2948574	2949433	1	860	0.0	1018
NZ_CM128563.1	gb|AJ635404.2|+|0-861|ARO:3002419|OKP-A-2	88.037	861	101	2	2948574	2949433	1	860	0.0	1018
NZ_CM128563.1	gb|AM051148.1|+|0-861|ARO:3002426|OKP-A-9	88.051	862	99	4	2948574	2949433	1	860	0.0	1018
NZ_CM128563.1	gb|AM051152.1|+|0-861|ARO:3002436|OKP-B-3	88.037	861	101	2	2948574	2949433	1	860	0.0	1018
NZ_CM128563.1	gb|AM850922.2|+|24-885|ARO:3002453|OKP-B-20	87.935	862	102	2	2948574	2949434	1	861	0.0	1014
NZ_CM128563.1	gb|AY825330.1|+|0-861|ARO:3002446|OKP-B-13	87.935	862	102	2	2948574	2949434	1	861	0.0	1014
NZ_CM128563.1	gb|NG_067151.1|+|100-961|ARO:3006148|OKP-B-36	87.935	862	100	4	2948574	2949433	1	860	0.0	1013
NZ_CM128563.1	gb|AM051149.1|+|0-861|ARO:3002427|OKP-A-10	87.935	862	100	4	2948574	2949433	1	860	0.0	1013
NZ_CM128563.1	gb|AM051157.1|+|0-861|ARO:3002441|OKP-B-8	87.921	861	102	2	2948574	2949433	1	860	0.0	1013
NZ_CM128563.1	gb|AM051151.1|+|0-861|ARO:3002435|OKP-B-2	87.921	861	102	2	2948574	2949433	1	860	0.0	1013
NZ_CM128563.1	gb|AM051159.1|+|0-861|ARO:3002442|OKP-B-9	87.921	861	102	2	2948574	2949433	1	860	0.0	1013
NZ_CM128563.1	gb|AM850921.2|+|24-885|ARO:3002452|OKP-B-19	87.819	862	103	2	2948574	2949434	1	861	0.0	1009
NZ_CM128563.1	gb|NG_067154.1|+|100-961|ARO:3006151|OKP-B-45	87.805	861	103	2	2948574	2949433	1	860	0.0	1007
NZ_CM128563.1	gb|NG_067152.1|+|100-961|ARO:3006149|OKP-B-40	87.805	861	103	2	2948574	2949433	1	860	0.0	1007
NZ_CM128563.1	gb|AM051144.1|+|0-861|ARO:3002423|OKP-A-6	87.833	863	99	6	2948574	2949433	1	860	0.0	1007
NZ_CM128563.1	gb|AM051156.1|+|0-861|ARO:3002440|OKP-B-7	87.805	861	103	2	2948574	2949433	1	860	0.0	1007
NZ_CM128563.1	gb|AJ635402.2|+|0-861|ARO:3002434|OKP-B-1	87.805	861	103	2	2948574	2949433	1	860	0.0	1007
NZ_CM128563.1	gb|NG_067149.1|+|0-861|ARO:3006146|OKP-B-24	87.703	862	104	2	2948574	2949434	1	861	0.0	1003
NZ_CM128563.1	gb|NG_067150.1|+|100-961|ARO:3006147|OKP-B-34	87.689	861	104	2	2948574	2949433	1	860	0.0	1002
NZ_CM128563.1	gb|NG_050606.1|+|100-961|ARO:3006145|OKP-B-23	87.689	861	104	2	2948574	2949433	1	860	0.0	1002
NZ_CM128563.1	gb|NG_067147.1|+|100-961|ARO:3006143|OKP-B-21	87.689	861	104	2	2948574	2949433	1	860	0.0	1002
NZ_CM128563.1	gb|AM051161.1|+|0-861|ARO:3002444|OKP-B-11	87.703	862	102	4	2948574	2949433	1	860	0.0	1002
NZ_CM128563.1	gb|NG_067156.1|+|0-861|ARO:3006153|OKP-D-1	87.601	863	103	4	2948574	2949434	1	861	0.0	998
NZ_CM128563.1	gb|AM850920.1|+|40-901|ARO:3002451|OKP-B-18	87.587	862	105	2	2948574	2949434	1	861	0.0	998
NZ_CM128563.1	gb|AM051146.1|+|0-861|ARO:3002424|OKP-A-7	87.587	862	103	4	2948574	2949433	1	860	0.0	996
NZ_CM128563.1	gb|AM051160.1|+|0-861|ARO:3002443|OKP-B-10	87.573	861	105	2	2948574	2949433	1	860	0.0	996
NZ_CM128563.1	gb|NG_067153.1|+|100-961|ARO:3006150|OKP-B-41	87.456	861	106	2	2948574	2949433	1	860	0.0	990
NZ_CM128563.1	gb|FJ768952.1|+|0-1488|ARO:3000237|TolC	79.176	1407	273	17	700427	701820	1400	1	0.0	957
NZ_CM128563.1	gb|DQ995288.1|+|2-827|ARO:3002447|OKP-B-14	87.470	822	101	2	2948596	2949416	5	825	0.0	946
NZ_CM128563.1	gb|FJ755841.1|+|0-846|ARO:3002432|OKP-A-15	86.659	862	98	11	2948574	2949434	1	846	0.0	939
NZ_CM128563.1	gb|DQ679966.1|+|299-1493|ARO:3004042|Eclo_acrA	80.901	1199	219	9	4286676	4287869	1	1194	0.0	937
NZ_CM128563.1	gb|AJ635420.1|+|0-789|ARO:3002445|OKP-B-12	87.468	790	95	4	2948611	2949398	2	789	0.0	907
NZ_CM128563.1	gb|U00096.3|-|2306971-2308615|ARO:3003952|YojI	76.211	1652	369	21	1724877	1726516	1	1640	0.0	852
NZ_CM128563.1	gb|U00096.3|-|484425-485619|ARO:3004043|Ecol_acrA	78.970	1165	237	8	4286676	4287836	1	1161	0.0	787
NZ_CM128563.1	gb|NC_004337.2|-|420956-422150|ARO:3007509|Sfle_acrA	78.798	1165	239	8	4286676	4287836	1	1161	0.0	776
NZ_CM128563.1	gb|KU254579.1|+|59421-59841|ARO:3004111|FosA6	99.762	420	1	0	4895588	4896007	420	1	0.0	771
NZ_CM128563.1	gb|JQ394987.1|+|0-1233|ARO:3001328|Ecol_mdfA	78.846	1144	232	10	3826892	3828030	1139	1	0.0	763
NZ_CM128563.1	gb|AP009048.1|-|4153663-4154296|ARO:3000518|CRP	88.152	633	75	0	409447	410079	633	1	0.0	754
NZ_CM128563.1	gb|KP143090.1|-|1199-1619|ARO:3003209|fosA5	97.857	420	9	0	4895588	4896007	420	1	0.0	726
NZ_CM128563.1	gb|AP006725.1|+|2483889-2484252|ARO:3004580|Kpne_KpnE	99.449	363	2	0	2989768	2990130	363	1	0.0	660
NZ_CM128563.1	gb|AY265890.1|+|1-472|ARO:3002476|LEN-6	91.720	471	39	0	2948595	2949065	1	471	0.0	654
NZ_CM128563.1	gb|AY265889.1|+|2-458|ARO:3002477|LEN-14	91.009	456	41	0	2948601	2949056	1	456	8.93e-173	616
NZ_CM128563.1	gb|AP006725.1|+|2484238-2484568|ARO:3004583|Kpne_KpnF	100.000	330	0	0	2989452	2989781	330	1	4.16e-171	610
NZ_CM128563.1	gb|AJ252200.1|+|1278-4401|ARO:3003056|smeE	73.861	1515	341	51	1541835	1543322	1496	10	7.11e-154	553
NZ_CM128563.1	gb|AJ252200.1|+|1278-4401|ARO:3003056|smeE	81.414	495	83	8	70731	71220	1496	1006	1.27e-106	396
NZ_CM128563.1	gb|AE004091.2|-|2847775-2850886|ARO:3004075|MuxC	74.401	1418	300	52	1851524	1852906	1476	87	9.19e-153	549
NZ_CM128563.1	gb|L11616.1|+|1569-4710|ARO:3000378|MexB	75.297	1093	227	36	1541781	1542850	1553	481	9.46e-133	483
NZ_CM128563.1	gb|L11616.1|+|1569-4710|ARO:3000378|MexB	80.042	476	86	9	70731	71201	1496	1025	4.66e-91	344
NZ_CM128563.1	gb|U00096.1|+|3660413-3663527|ARO:3000796|mdtF	71.048	2138	564	47	458484	460594	3071	962	2.65e-128	468
NZ_CM128563.1	gb|BA000007.3|-|1737690-1738104|ARO:3000676|H-NS	87.438	406	49	2	2317801	2318205	405	1	9.52e-128	466
NZ_CM128563.1	gb|AB015853.1|+|1330-4471|ARO:3003033|mexY	77.778	396	82	6	1541921	1542313	1407	1015	2.26e-59	239
NZ_CM128563.1	gb|AB015853.1|+|1330-4471|ARO:3003033|mexY	76.570	414	87	10	4288866	4289274	972	1380	2.94e-53	219
NZ_CM128563.1	gb|U57969.1|+|1485-4617|ARO:3000801|MexD	76.087	414	83	15	70811	71216	1421	1016	2.96e-48	202
NZ_CM128563.1	gb|AE004091.2|+|2810008-2813197|ARO:3000804|MexF	79.032	248	48	4	70971	71216	1264	1019	1.08e-37	167
NZ_JBRDZN010000002.1	gb|AY034847.1|+|5-887|ARO:3002312|KPC-2	100.000	882	0	0	32744	33625	1	882	0.0	1629
NZ_JBRDZN010000002.1	gb|OK086803.1|+|0-882|ARO:3007452|KPC-99	99.887	882	1	0	32744	33625	1	882	0.0	1624
NZ_JBRDZN010000002.1	gb|ON521726.1|-|31-913|ARO:3007446|KPC-100	99.887	882	1	0	32744	33625	1	882	0.0	1624
NZ_JBRDZN010000002.1	gb|OK086970.1|+|0-882|ARO:3007436|KPC-96	99.887	882	1	0	32744	33625	1	882	0.0	1624
NZ_JBRDZN010000002.1	gb|MZ067229.1|+|0-882|ARO:3007381|KPC-86	99.887	882	1	0	32744	33625	1	882	0.0	1624
NZ_JBRDZN010000002.1	gb|MW581775.1|+|0-882|ARO:3007089|KPC-83	99.887	882	1	0	32744	33625	1	882	0.0	1624
NZ_JBRDZN010000002.1	gb|NG_071204.1|+|0-882|ARO:3006203|KPC-78	99.887	882	1	0	32744	33625	1	882	0.0	1624
NZ_JBRDZN010000002.1	gb|NG_070897.1|+|0-882|ARO:3006202|KPC-77	99.887	882	1	0	32744	33625	1	882	0.0	1624
NZ_JBRDZN010000002.1	gb|NG_070743.1|+|0-882|ARO:3006200|KPC-75	99.887	882	1	0	32744	33625	1	882	0.0	1624
NZ_JBRDZN010000002.1	gb|NG_070740.1|+|0-882|ARO:3006197|KPC-72	99.887	882	1	0	32744	33625	1	882	0.0	1624
NZ_JBRDZN010000002.1	gb|NG_070179.1|+|0-882|ARO:3006189|KPC-60	99.887	882	1	0	32744	33625	1	882	0.0	1624
NZ_JBRDZN010000002.1	gb|NG_070178.1|+|0-882|ARO:3006188|KPC-59	99.887	882	1	0	32744	33625	1	882	0.0	1624
NZ_JBRDZN010000002.1	gb|NG_049254.1|+|0-882|ARO:3003145|KPC-21	99.887	882	1	0	32744	33625	1	882	0.0	1624
NZ_JBRDZN010000002.1	gb|MT358626.1|+|0-882|ARO:3005385|KPC-57	99.887	882	1	0	32744	33625	1	882	0.0	1624
NZ_JBRDZN010000002.1	gb|MT028409.1|+|14912-15794|ARO:3005383|KPC-55	99.887	882	1	0	32744	33625	1	882	0.0	1624
NZ_JBRDZN010000002.1	gb|MN854706.1|+|0-882|ARO:3005382|KPC-54	99.887	882	1	0	32744	33625	1	882	0.0	1624
NZ_JBRDZN010000002.1	gb|MN104596.1|+|0-882|ARO:3005376|KPC-45	99.887	882	1	0	32744	33625	1	882	0.0	1624
NZ_JBRDZN010000002.1	gb|MK628511.1|+|0-882|ARO:3005375|KPC-43	99.887	882	1	0	32744	33625	1	882	0.0	1624
NZ_JBRDZN010000002.1	gb|MK467612.1|+|0-882|ARO:3005374|KPC-42	99.887	882	1	0	32744	33625	1	882	0.0	1624
NZ_JBRDZN010000002.1	gb|MH404098.1|+|0-882|ARO:3005367|KPC-35	99.887	882	1	0	32744	33625	1	882	0.0	1624
NZ_JBRDZN010000002.1	gb|CP025144.1|+|87792-88674|ARO:3005365|KPC-33	99.887	882	1	0	32744	33625	1	882	0.0	1624
NZ_JBRDZN010000002.1	gb|KY646302.1|+|0-882|ARO:3005364|KPC-30	99.887	882	1	0	32744	33625	1	882	0.0	1624
NZ_JBRDZN010000002.1	gb|KP681699.1|+|0-882|ARO:3002328|KPC-18	99.887	882	1	0	32744	33625	1	882	0.0	1624
NZ_JBRDZN010000002.1	gb|KX619622.1|+|0-882|ARO:3005358|KPC-26	99.887	882	1	0	32744	33625	1	882	0.0	1624
NZ_JBRDZN010000002.1	gb|KR052099.1|+|5211-6093|ARO:3004496|KPC-24	99.887	882	1	0	32744	33625	1	882	0.0	1624
NZ_JBRDZN010000002.1	gb|KC465200.1|+|0-882|ARO:3002327|KPC-17	99.887	882	1	0	32744	33625	1	882	0.0	1624
NZ_JBRDZN010000002.1	gb|EU555534.1|+|0-882|ARO:3002316|KPC-6	99.887	882	1	0	32744	33625	1	882	0.0	1624
NZ_JBRDZN010000002.1	gb|HQ641421.1|+|0-882|ARO:3002322|KPC-12	99.887	882	1	0	32744	33625	1	882	0.0	1624
NZ_JBRDZN010000002.1	gb|AF395881.1|+|0-882|ARO:3002313|KPC-3	99.887	882	1	0	32744	33625	1	882	0.0	1624
NZ_JBRDZN010000002.1	gb|EU400222.2|+|2159-3041|ARO:3002315|KPC-5	99.887	882	1	0	32744	33625	1	882	0.0	1624
NZ_JBRDZN010000002.1	gb|HM066995.1|+|0-882|ARO:3002321|KPC-11	99.887	882	1	0	32744	33625	1	882	0.0	1624
NZ_JBRDZN010000002.1	gb|NG_080778.1|+|100-982|ARO:3007633|KPC-125	99.773	882	2	0	32744	33625	1	882	0.0	1618
NZ_JBRDZN010000002.1	gb|MZ893466.1|+|0-882|ARO:3007450|KPC-98	99.773	882	2	0	32744	33625	1	882	0.0	1618
NZ_JBRDZN010000002.1	gb|NG_073466.1|+|0-882|ARO:3006192|KPC-63	99.773	882	2	0	32744	33625	1	882	0.0	1618
NZ_JBRDZN010000002.1	gb|NG_073465.1|+|0-882|ARO:3006191|KPC-62	99.773	882	2	0	32744	33625	1	882	0.0	1618
NZ_JBRDZN010000002.1	gb|NG_070180.1|+|0-882|ARO:3006190|KPC-61	99.773	882	2	0	32744	33625	1	882	0.0	1618
NZ_JBRDZN010000002.1	gb|MT040751.1|+|0-882|ARO:3005384|KPC-56	99.773	882	2	0	32744	33625	1	882	0.0	1618
NZ_JBRDZN010000002.1	gb|MN619655.1|+|0-882|ARO:3005378|KPC-49	99.773	882	2	0	32744	33625	1	882	0.0	1618
NZ_JBRDZN010000002.1	gb|MN267701.1|+|0-882|ARO:3005377|KPC-46	99.773	882	2	0	32744	33625	1	882	0.0	1618
NZ_JBRDZN010000002.1	gb|MK098861.1|+|0-882|ARO:3005370|KPC-38	99.773	882	2	0	32744	33625	1	882	0.0	1618
NZ_JBRDZN010000002.1	gb|MH718730.1|+|0-882|ARO:3005369|KPC-37	99.773	882	2	0	32744	33625	1	882	0.0	1618
NZ_JBRDZN010000002.1	gb|MH593787.1|+|0-882|ARO:3005368|KPC-36	99.773	882	2	0	32744	33625	1	882	0.0	1618
NZ_JBRDZN010000002.1	gb|MAPH01000113.1|+|8511-9393|ARO:3005362|KPC-31	99.773	882	2	0	32744	33625	1	882	0.0	1618
NZ_JBRDZN010000002.1	gb|KX828722.1|+|0-882|ARO:3005359|KPC-27	99.773	882	2	0	32744	33625	1	882	0.0	1618
NZ_JBRDZN010000002.1	gb|MH450213.1|+|0-882|ARO:3005356|KPC-23	99.773	882	2	0	32744	33625	1	882	0.0	1618
NZ_JBRDZN010000002.1	gb|MK118771.1|+|0-882|ARO:3005371|KPC-39	99.773	882	2	0	32744	33625	1	882	0.0	1618
NZ_JBRDZN010000002.1	gb|EU729727.1|+|0-882|ARO:3002317|KPC-7	99.773	882	2	0	32744	33625	1	882	0.0	1618
NZ_JBRDZN010000002.1	gb|KM379100.1|+|0-882|ARO:3003180|KPC-22	99.773	882	2	0	32744	33625	1	882	0.0	1618
NZ_JBRDZN010000002.1	gb|EF418608.1|+|9-885|ARO:3001926|CTX-M-65	100.000	876	0	0	79568	80443	876	1	0.0	1618
NZ_JBRDZN010000002.1	gb|EU447304.1|+|14-896|ARO:3002314|KPC-4	99.773	882	2	0	32744	33625	1	882	0.0	1618
NZ_JBRDZN010000002.1	gb|FJ234412.1|+|0-882|ARO:3002318|KPC-8	99.773	882	2	0	32744	33625	1	882	0.0	1618
NZ_JBRDZN010000002.1	gb|GQ140348.1|+|0-882|ARO:3002320|KPC-10	99.773	882	2	0	32744	33625	1	882	0.0	1618
NZ_JBRDZN010000002.1	gb|NG_070895.1|+|0-885|ARO:3006196|KPC-71	99.661	885	0	1	32744	33625	1	885	0.0	1615
NZ_JBRDZN010000002.1	gb|MZ646141.1|+|0-882|ARO:3007383|KPC-95	99.660	882	3	0	32744	33625	1	882	0.0	1613
NZ_JBRDZN010000002.1	gb|MN725731.1|+|0-882|ARO:3005380|KPC-51	99.660	882	3	0	32744	33625	1	882	0.0	1613
NZ_JBRDZN010000002.1	gb|MAPO01000050.1|+|8511-9393|ARO:3005363|KPC-32	99.660	882	3	0	32744	33625	1	882	0.0	1613
NZ_JBRDZN010000002.1	gb|KJ020574.1|+|244-1120|ARO:3002006|CTX-M-148	99.886	876	1	0	79568	80443	876	1	0.0	1613
NZ_JBRDZN010000002.1	gb|HQ342889.1|+|0-882|ARO:3002323|KPC-13	99.660	882	3	0	32744	33625	1	882	0.0	1613
NZ_JBRDZN010000002.1	gb|FJ907381.1|+|0-876|ARO:3001950|CTX-M-90	99.886	876	1	0	79568	80443	876	1	0.0	1613
NZ_JBRDZN010000002.1	gb|KJ775801.1|+|0-882|ARO:3002329|KPC-19	99.660	882	3	0	32744	33625	1	882	0.0	1613
NZ_JBRDZN010000002.1	gb|KC465199.1|+|0-882|ARO:3002326|KPC-16	99.660	882	3	0	32744	33625	1	882	0.0	1613
NZ_JBRDZN010000002.1	gb|AY143430.1|+|0-876|ARO:3001886|CTX-M-24	99.886	876	1	0	79568	80443	876	1	0.0	1613
NZ_JBRDZN010000002.1	gb|MZ067230.1|+|0-879|ARO:3007375|KPC-87	99.660	882	0	1	32744	33625	1	879	0.0	1609
NZ_JBRDZN010000002.1	gb|NG_073470.1|+|0-879|ARO:3006206|KPC-81	99.660	882	0	1	32744	33625	1	879	0.0	1609
NZ_JBRDZN010000002.1	gb|MN725732.1|+|0-885|ARO:3005381|KPC-52	99.548	885	1	1	32744	33625	1	885	0.0	1609
NZ_JBRDZN010000002.1	gb|NG_052902.1|+|0-876|ARO:3005619|CTX-M-196	99.772	876	2	0	79568	80443	876	1	0.0	1607
NZ_JBRDZN010000002.1	gb|HM803271.1|+|0-876|ARO:3001958|CTX-M-99	99.772	876	2	0	79568	80443	876	1	0.0	1607
NZ_JBRDZN010000002.1	gb|AF252622.2|+|1740-2616|ARO:3001877|CTX-M-14	99.772	876	2	0	79568	80443	876	1	0.0	1607
NZ_JBRDZN010000002.1	gb|EU545409.1|+|80-956|ARO:3001947|CTX-M-87	99.772	876	2	0	79568	80443	876	1	0.0	1607
NZ_JBRDZN010000002.1	gb|HM755448.1|+|244-1120|ARO:3001957|CTX-M-98	99.772	876	2	0	79568	80443	876	1	0.0	1607
NZ_JBRDZN010000002.1	gb|JN790863.1|+|232-1108|ARO:3001981|CTX-M-122	99.772	876	2	0	79568	80443	876	1	0.0	1607
NZ_JBRDZN010000002.1	gb|KF513180.1|+|0-876|ARO:3002005|CTX-M-147	99.772	876	2	0	79568	80443	876	1	0.0	1607
NZ_JBRDZN010000002.1	gb|JQ724542.1|+|174-1050|ARO:3001984|CTX-M-125	99.772	876	2	0	79568	80443	876	1	0.0	1607
NZ_JBRDZN010000002.1	gb|MZ646140.1|+|0-879|ARO:3007402|KPC-94	99.546	882	1	1	32744	33625	1	879	0.0	1604
NZ_JBRDZN010000002.1	gb|MZ570431.1|+|0-888|ARO:3007087|KPC-90	99.324	888	0	1	32744	33625	1	888	0.0	1602
NZ_JBRDZN010000002.1	gb|NG_073471.1|+|0-888|ARO:3006207|KPC-82	99.324	888	0	1	32744	33625	1	888	0.0	1602
NZ_JBRDZN010000002.1	gb|NG_068169.1|+|0-876|ARO:3005658|CTX-M-235	99.658	876	3	0	79568	80443	876	1	0.0	1602
NZ_JBRDZN010000002.1	gb|NG_063838.1|+|0-876|ARO:3005638|CTX-M-215	99.658	876	3	0	79568	80443	876	1	0.0	1602
NZ_JBRDZN010000002.1	gb|NG_055502.1|+|0-876|ARO:3005624|CTX-M-201	99.658	876	3	0	79568	80443	876	1	0.0	1602
NZ_JBRDZN010000002.1	gb|NG_054687.1|+|0-876|ARO:3005621|CTX-M-198	99.658	876	3	0	79568	80443	876	1	0.0	1602
NZ_JBRDZN010000002.1	gb|NG_056165.1|+|0-876|ARO:3005614|CTX-M-191	99.658	876	3	0	79568	80443	876	1	0.0	1602
NZ_JBRDZN010000002.1	gb|NG_048953.1|+|0-876|ARO:3005591|CTX-M-168	99.658	876	3	0	79568	80443	876	1	0.0	1602
NZ_JBRDZN010000002.1	gb|NG_068166.1|+|100-976|ARO:3001998|CTX-M-140	99.658	876	3	0	79568	80443	876	1	0.0	1602
NZ_JBRDZN010000002.1	gb|NG_051167.1|+|0-888|ARO:3005357|KPC-25	99.324	888	0	1	32744	33625	1	888	0.0	1602
NZ_JBRDZN010000002.1	gb|HQ833652.1|+|235-1111|ARO:3001963|CTX-M-104	99.658	876	3	0	79568	80443	876	1	0.0	1602
NZ_JBRDZN010000002.1	gb|FJ214366.1|+|0-876|ARO:3001944|CTX-M-83	99.658	876	3	0	79568	80443	876	1	0.0	1602
NZ_JBRDZN010000002.1	gb|JF274243.1|+|0-876|ARO:3001971|CTX-M-111	99.658	876	3	0	79568	80443	876	1	0.0	1602
NZ_JBRDZN010000002.1	gb|AY156923.1|+|0-876|ARO:3001889|CTX-M-27	99.658	876	3	0	79568	80443	876	1	0.0	1602
NZ_JBRDZN010000002.1	gb|FJ214367.1|+|0-876|ARO:3001945|CTX-M-84	99.658	876	3	0	79568	80443	876	1	0.0	1602
NZ_JBRDZN010000002.1	gb|FJ214368.1|+|0-876|ARO:3002495|CTX-M-85	99.658	876	3	0	79568	80443	876	1	0.0	1602
NZ_JBRDZN010000002.1	gb|EF581888.1|+|0-876|ARO:3001928|CTX-M-67	99.658	876	3	0	79568	80443	876	1	0.0	1602
NZ_JBRDZN010000002.1	gb|HQ833651.1|+|244-1120|ARO:3001965|CTX-M-105	99.658	876	3	0	79568	80443	876	1	0.0	1602
NZ_JBRDZN010000002.1	gb|FJ214369.1|+|0-876|ARO:3001946|CTX-M-86	99.658	876	3	0	79568	80443	876	1	0.0	1602
NZ_JBRDZN010000002.1	gb|JF274247.1|+|0-876|ARO:3001973|CTX-M-113	99.658	876	3	0	79568	80443	876	1	0.0	1602
NZ_JBRDZN010000002.1	gb|AY847144.1|+|81-957|ARO:3001910|CTX-M-48	99.658	876	3	0	79568	80443	876	1	0.0	1602
NZ_JBRDZN010000002.1	gb|AY847143.1|+|82-958|ARO:3001909|CTX-M-47	99.658	876	3	0	79568	80443	876	1	0.0	1602
NZ_JBRDZN010000002.1	gb|AY822595.1|+|22-898|ARO:3001900|CTX-M-38	99.658	876	3	0	79568	80443	876	1	0.0	1602
NZ_JBRDZN010000002.1	gb|AF325134.1|+|0-876|ARO:3001881|CTX-M-19	99.658	876	3	0	79568	80443	876	1	0.0	1602
NZ_JBRDZN010000002.1	gb|AY847146.1|+|82-958|ARO:3001912|CTX-M-50	99.658	876	3	0	79568	80443	876	1	0.0	1602
NZ_JBRDZN010000002.1	gb|JF274246.1|+|0-876|ARO:3001972|CTX-M-112	99.658	876	3	0	79568	80443	876	1	0.0	1602
NZ_JBRDZN010000002.1	gb|NG_073467.1|+|0-885|ARO:3006193|KPC-64	99.322	885	3	1	32744	33625	1	885	0.0	1598
NZ_JBRDZN010000002.1	gb|NG_049025.1|+|100-976|ARO:3001934|CTX-M-73	99.657	874	3	0	79570	80443	874	1	0.0	1598
NZ_JBRDZN010000002.1	gb|KP128034.1|+|0-876|ARO:3003169|CTX-M-161	99.543	876	4	0	79568	80443	876	1	0.0	1598
NZ_JBRDZN010000002.1	gb|NG_073468.1|+|0-888|ARO:3006194|KPC-65	99.212	888	1	1	32744	33625	1	888	0.0	1596
NZ_JBRDZN010000002.1	gb|NG_070784.1|+|0-876|ARO:3005665|CTX-M-242	99.543	876	4	0	79568	80443	876	1	0.0	1596
NZ_JBRDZN010000002.1	gb|NG_070733.1|+|0-876|ARO:3005663|CTX-M-240	99.543	876	4	0	79568	80443	876	1	0.0	1596
NZ_JBRDZN010000002.1	gb|NG_067142.1|+|0-876|ARO:3005656|CTX-M-233	99.543	876	4	0	79568	80443	876	1	0.0	1596
NZ_JBRDZN010000002.1	gb|NG_052901.1|+|0-876|ARO:3005618|CTX-M-195	99.543	876	4	0	79568	80443	876	1	0.0	1596
NZ_JBRDZN010000002.1	gb|NG_056166.1|+|0-876|ARO:3005615|CTX-M-192	99.543	876	4	0	79568	80443	876	1	0.0	1596
NZ_JBRDZN010000002.1	gb|NG_048959.1|+|0-876|ARO:3005597|CTX-M-174	99.543	876	4	0	79568	80443	876	1	0.0	1596
NZ_JBRDZN010000002.1	gb|JX017364.1|+|238-1114|ARO:3001988|CTX-M-129	99.543	876	4	0	79568	80443	876	1	0.0	1596
NZ_JBRDZN010000002.1	gb|AY033516.1|+|2835-3711|ARO:3001880|CTX-M-17	99.543	876	4	0	79568	80443	876	1	0.0	1596
NZ_JBRDZN010000002.1	gb|JX896165.1|+|0-876|ARO:3001992|CTX-M-134	99.543	876	4	0	79568	80443	876	1	0.0	1596
NZ_JBRDZN010000002.1	gb|HQ166709.1|+|0-876|ARO:3001953|CTX-M-93	99.543	876	4	0	79568	80443	876	1	0.0	1596
NZ_JBRDZN010000002.1	gb|HQ398215.1|+|244-1120|ARO:3001961|CTX-M-102	99.543	876	4	0	79568	80443	876	1	0.0	1596
NZ_JBRDZN010000002.1	gb|AY847145.1|+|81-957|ARO:3001911|CTX-M-49	99.543	876	4	0	79568	80443	876	1	0.0	1596
NZ_JBRDZN010000002.1	gb|AB976602.1|+|135-1011|ARO:3003167|CTX-M-159	99.543	876	4	0	79568	80443	876	1	0.0	1596
NZ_JBRDZN010000002.1	gb|AB703103.1|+|0-876|ARO:3001985|CTX-M-126	99.543	876	4	0	79568	80443	876	1	0.0	1596
NZ_JBRDZN010000002.1	gb|JN790862.1|+|244-1120|ARO:3001980|CTX-M-121	99.543	876	4	0	79568	80443	876	1	0.0	1596
NZ_JBRDZN010000002.1	gb|NG_070742.1|+|0-876|ARO:3006199|KPC-74	99.320	882	0	1	32744	33625	1	876	0.0	1591
NZ_JBRDZN010000002.1	gb|NG_070732.1|+|0-876|ARO:3005662|CTX-M-239	99.429	876	5	0	79568	80443	876	1	0.0	1591
NZ_JBRDZN010000002.1	gb|NG_062275.1|+|0-876|ARO:3005646|CTX-M-223	99.429	876	5	0	79568	80443	876	1	0.0	1591
NZ_JBRDZN010000002.1	gb|NG_057473.1|+|0-876|ARO:3005636|CTX-M-213	99.429	876	5	0	79568	80443	876	1	0.0	1591
NZ_JBRDZN010000002.1	gb|QRBR01000058.1|+|6221-7109|ARO:3005372|KPC-40	99.099	888	2	1	32744	33625	1	888	0.0	1591
NZ_JBRDZN010000002.1	gb|DQ211987.1|+|0-876|ARO:3001913|CTX-M-51	99.429	876	5	0	79568	80443	876	1	0.0	1591
NZ_JBRDZN010000002.1	gb|JF274242.1|+|1-877|ARO:3001970|CTX-M-110	99.655	870	3	0	79574	80443	870	1	0.0	1591
NZ_JBRDZN010000002.1	gb|AY847147.1|+|81-957|ARO:3001908|CTX-M-46	99.429	876	5	0	79568	80443	876	1	0.0	1591
NZ_JBRDZN010000002.1	gb|JX524191.1|+|395-1271|ARO:3002324|KPC-14	99.320	882	0	1	32744	33625	1	876	0.0	1591
NZ_JBRDZN010000002.1	gb|KF976405.1|+|7837-8698|ARO:3001071|SHV-12	100.000	861	0	0	41613	42473	1	861	0.0	1591
NZ_JBRDZN010000002.1	gb|JX017365.1|+|244-1120|ARO:3001989|CTX-M-130	99.429	876	5	0	79568	80443	876	1	0.0	1591
NZ_JBRDZN010000002.1	gb|NG_073469.1|+|0-891|ARO:3006205|KPC-80	98.990	891	0	1	32744	33625	1	891	0.0	1587
NZ_JBRDZN010000002.1	gb|MN654342.1|+|0-891|ARO:3005379|KPC-50	98.990	891	0	4	32744	33625	1	891	0.0	1587
NZ_JBRDZN010000002.1	gb|KY563764.1|+|0-891|ARO:3005360|KPC-29	98.990	891	0	2	32744	33625	1	891	0.0	1587
NZ_JBRDZN010000002.1	gb|AL513383.1|+|161910-162771|ARO:3000873|TEM-1	99.884	861	1	0	71758	72618	861	1	0.0	1585
NZ_JBRDZN010000002.1	gb|AAAGNS010000063.1|-|144-1005|ARO:3000966|TEM-103	99.884	861	1	0	71758	72618	861	1	0.0	1585
NZ_JBRDZN010000002.1	gb|OM617737.1|+|0-861|ARO:3007454|TEM-245	99.884	861	1	0	71758	72618	861	1	0.0	1585
NZ_JBRDZN010000002.1	gb|NG_070739.1|+|0-876|ARO:3006195|KPC-66	99.206	882	1	1	32744	33625	1	876	0.0	1585
NZ_JBRDZN010000002.1	gb|KY282958.1|+|0-876|ARO:3005361|KPC-28	99.206	882	1	1	32744	33625	1	876	0.0	1585
NZ_JBRDZN010000002.1	gb|NG_057609.1|+|0-861|ARO:3005265|TEM-234	99.884	861	1	0	71758	72618	861	1	0.0	1585
NZ_JBRDZN010000002.1	gb|NG_068213.1|+|100-961|ARO:3000901|TEM-31	99.884	861	1	0	71758	72618	861	1	0.0	1585
NZ_JBRDZN010000002.1	gb|NG_068038.1|+|0-861|ARO:3005259|TEM-228	99.884	861	1	0	71758	72618	861	1	0.0	1585
NZ_JBRDZN010000002.1	gb|KP050492.1|+|0-861|ARO:3001392|TEM-215	99.884	861	1	0	71758	72618	861	1	0.0	1585
NZ_JBRDZN010000002.1	gb|AF516720.1|+|214-1075|ARO:3000968|TEM-105	99.884	861	1	0	71758	72618	861	1	0.0	1585
NZ_JBRDZN010000002.1	gb|AF190694.1|+|208-1069|ARO:3000942|TEM-76	99.884	861	1	0	71758	72618	861	1	0.0	1585
NZ_JBRDZN010000002.1	gb|JX121127.1|+|0-861|ARO:3001199|SHV-160	99.884	861	1	0	41613	42473	1	861	0.0	1585
NZ_JBRDZN010000002.1	gb|KC865667.1|+|183-1044|ARO:3001385|TEM-208	99.884	861	1	0	71758	72618	861	1	0.0	1585
NZ_JBRDZN010000002.1	gb|AF188199.1|+|214-1075|ARO:3000936|TEM-70	99.884	861	1	0	71758	72618	861	1	0.0	1585
NZ_JBRDZN010000002.1	gb|HQ913565.1|+|0-870|ARO:3001966|CTX-M-106	99.540	870	4	0	79574	80443	870	1	0.0	1585
NZ_JBRDZN010000002.1	gb|AY368236.1|+|0-861|ARO:3000989|TEM-127	99.884	861	1	0	71758	72618	861	1	0.0	1585
NZ_JBRDZN010000002.1	gb|AJ634602.1|-|7839-8700|ARO:3000999|TEM-135	99.884	861	1	0	71758	72618	861	1	0.0	1585
NZ_JBRDZN010000002.1	gb|DQ075245.1|+|217-1078|ARO:3001006|TEM-143	99.884	861	1	0	71758	72618	861	1	0.0	1585
NZ_JBRDZN010000002.1	gb|AF252623.2|+|0-876|ARO:3001876|CTX-M-13	99.315	876	6	0	79568	80443	876	1	0.0	1585
NZ_JBRDZN010000002.1	gb|JN227084.1|+|308-1169|ARO:3001046|TEM-186	99.884	861	1	0	71758	72618	861	1	0.0	1585
NZ_JBRDZN010000002.1	gb|HM559945.1|+|0-861|ARO:3001178|SHV-134	99.884	861	1	0	41613	42473	1	861	0.0	1585
NZ_JBRDZN010000002.1	gb|DQ174306.1|+|4-865|ARO:3001121|SHV-66	99.884	861	1	0	41613	42473	1	861	0.0	1585
NZ_JBRDZN010000002.1	gb|HG934763.1|+|0-861|ARO:3001394|TEM-217	99.884	861	1	0	71758	72618	861	1	0.0	1585
NZ_JBRDZN010000002.1	gb|AJ437107.1|+|208-1069|ARO:3000900|TEM-30	99.884	861	1	0	71758	72618	861	1	0.0	1585
NZ_JBRDZN010000002.1	gb|EU136031.3|+|0-876|ARO:3001942|CTX-M-81	99.315	876	6	0	79568	80443	876	1	0.0	1585
NZ_JBRDZN010000002.1	gb|AJ308558.1|+|181-1042|ARO:3000962|TEM-95	99.884	861	1	0	71758	72618	861	1	0.0	1585
NZ_JBRDZN010000002.1	gb|AF174129.1|+|6335-7211|ARO:3001872|CTX-M-9	99.315	876	6	0	79568	80443	876	1	0.0	1585
NZ_JBRDZN010000002.1	gb|AY368237.1|+|0-861|ARO:3000990|TEM-128	99.884	861	1	0	71758	72618	861	1	0.0	1585
NZ_JBRDZN010000002.1	gb|GU371926.1|-|50304-51165|ARO:3000903|TEM-33	99.884	861	1	0	71758	72618	861	1	0.0	1585
NZ_JBRDZN010000002.1	gb|KP050491.1|+|0-861|ARO:3001391|TEM-214	99.884	861	1	0	71758	72618	861	1	0.0	1585
NZ_JBRDZN010000002.1	gb|FJ197316.1|+|0-861|ARO:3001032|TEM-166	99.884	861	1	0	71758	72618	861	1	0.0	1585
NZ_JBRDZN010000002.1	gb|AM087454.1|+|208-1069|ARO:3001015|TEM-148	99.884	861	1	0	71758	72618	861	1	0.0	1585
NZ_JBRDZN010000002.1	gb|GU550123.1|+|144-1005|ARO:3001041|TEM-176	99.884	861	1	0	71758	72618	861	1	0.0	1585
NZ_JBRDZN010000002.1	gb|KC818234.1|+|0-861|ARO:3001384|TEM-207	99.884	861	1	0	71758	72618	861	1	0.0	1585
NZ_JBRDZN010000002.1	gb|KC783461.1|+|0-861|ARO:3001383|TEM-206	99.884	861	1	0	71758	72618	861	1	0.0	1585
NZ_JBRDZN010000002.1	gb|AB700703.1|+|161-1022|ARO:3001057|TEM-198	99.884	861	1	0	71758	72618	861	1	0.0	1585
NZ_JBRDZN010000002.1	gb|KC292503.1|+|4334-5195|ARO:3000904|TEM-34	99.884	861	1	0	71758	72618	861	1	0.0	1585
NZ_JBRDZN010000002.1	gb|OM617738.1|+|0-861|ARO:3007448|TEM-246	99.768	861	2	0	71758	72618	861	1	0.0	1580
NZ_JBRDZN010000002.1	gb|NG_059336.1|+|100-976|ARO:3005642|CTX-M-219	99.201	876	7	0	79568	80443	876	1	0.0	1580
NZ_JBRDZN010000002.1	gb|NG_057483.1|+|0-876|ARO:3005637|CTX-M-214	99.201	876	7	0	79568	80443	876	1	0.0	1580
NZ_JBRDZN010000002.1	gb|NG_050243.1|+|100-961|ARO:3001387|TEM-210	99.768	861	2	0	71758	72618	861	1	0.0	1580
NZ_JBRDZN010000002.1	gb|NG_068214.1|+|100-961|ARO:3000907|TEM-37	99.768	861	2	0	71758	72618	861	1	0.0	1580
NZ_JBRDZN010000002.1	gb|NG_052650.1|+|0-861|ARO:3000906|TEM-36	99.768	861	2	0	71758	72618	861	1	0.0	1580
NZ_JBRDZN010000002.1	gb|NG_050264.1|+|13-874|ARO:3000905|TEM-35	99.768	861	2	0	71758	72618	861	1	0.0	1580
NZ_JBRDZN010000002.1	gb|NG_056417.1|+|0-861|ARO:3005261|TEM-230	99.768	861	2	0	71758	72618	861	1	0.0	1580
NZ_JBRDZN010000002.1	gb|NG_057472.1|+|0-861|ARO:3005263|TEM-232	99.768	861	2	0	71758	72618	861	1	0.0	1580
NZ_JBRDZN010000002.1	gb|KM998962.1|+|0-861|ARO:3003158|TEM-220	99.768	861	2	0	71758	72618	861	1	0.0	1580
NZ_JBRDZN010000002.1	gb|JQ034306.1|+|0-861|ARO:3001376|TEM-196	99.768	861	2	0	71758	72618	861	1	0.0	1580
NZ_JBRDZN010000002.1	gb|FJ405211.1|+|0-861|ARO:3000926|TEM-57	99.768	861	2	0	71758	72618	861	1	0.0	1580
NZ_JBRDZN010000002.1	gb|EU274580.1|+|214-1075|ARO:3001030|TEM-164	99.768	861	2	0	71758	72618	861	1	0.0	1580
NZ_JBRDZN010000002.1	gb|AY029068.1|+|0-876|ARO:3001879|CTX-M-16	99.201	876	7	0	79568	80443	876	1	0.0	1580
NZ_JBRDZN010000002.1	gb|DQ328802.1|+|0-861|ARO:3001140|SHV-86	99.768	861	2	0	41613	42473	1	861	0.0	1580
NZ_JBRDZN010000002.1	gb|KF944358.1|+|0-861|ARO:3001393|TEM-216	99.768	861	2	0	71758	72618	861	1	0.0	1580
NZ_JBRDZN010000002.1	gb|AM849805.1|+|262-1123|ARO:3000886|TEM-15	99.768	861	2	0	71758	72618	861	1	0.0	1580
NZ_JBRDZN010000002.1	gb|AY956335.1|+|38-899|ARO:3001004|TEM-141	99.768	861	2	0	71758	72618	861	1	0.0	1580
NZ_JBRDZN010000002.1	gb|AF516719.1|+|214-1075|ARO:3000967|TEM-104	99.768	861	2	0	71758	72618	861	1	0.0	1580
NZ_JBRDZN010000002.1	gb|AM049399.1|+|0-861|ARO:3001007|TEM-144	99.768	861	2	0	71758	72618	861	1	0.0	1580
NZ_JBRDZN010000002.1	gb|AF190692.1|+|208-1069|ARO:3000946|TEM-79	99.768	861	2	0	71758	72618	861	1	0.0	1580
NZ_JBRDZN010000002.1	gb|U37195.1|+|75-936|ARO:3000898|TEM-28	99.768	861	2	0	71758	72618	861	1	0.0	1580
NZ_JBRDZN010000002.1	gb|KF240808.1|+|0-861|ARO:3001386|TEM-209	99.768	861	2	0	71758	72618	861	1	0.0	1580
NZ_JBRDZN010000002.1	gb|KC433553.1|+|0-882|ARO:3002325|KPC-15	98.980	882	9	0	32744	33625	1	882	0.0	1580
NZ_JBRDZN010000002.1	gb|DQ286729.1|+|0-861|ARO:3000924|TEM-55	99.768	861	2	0	71758	72618	861	1	0.0	1580
NZ_JBRDZN010000002.1	gb|AF093512.1|+|197-1058|ARO:3000882|TEM-10	99.768	861	2	0	71758	72618	861	1	0.0	1580
NZ_JBRDZN010000002.1	gb|JX310327.1|+|0-861|ARO:3001378|TEM-201	99.768	861	2	0	71758	72618	861	1	0.0	1580
NZ_JBRDZN010000002.1	gb|AY101578.1|+|214-1075|ARO:3000969|TEM-106	99.768	861	2	0	71758	72618	861	1	0.0	1580
NZ_JBRDZN010000002.1	gb|AJ011428.2|+|0-861|ARO:3001074|SHV-15	99.768	861	2	0	41613	42473	1	861	0.0	1580
NZ_JBRDZN010000002.1	gb|AY307100.1|+|0-861|ARO:3000984|TEM-122	99.768	861	2	0	71758	72618	861	1	0.0	1580
NZ_JBRDZN010000002.1	gb|DQ174304.1|+|4-865|ARO:3001119|SHV-64	99.768	861	2	0	41613	42473	1	861	0.0	1580
NZ_JBRDZN010000002.1	gb|AY628199.1|+|203-1064|ARO:3000988|TEM-126	99.768	861	2	0	71758	72618	861	1	0.0	1580
NZ_JBRDZN010000002.1	gb|MK497255.1|+|0-891|ARO:3005373|KPC-41	98.765	891	2	1	32744	33625	1	891	0.0	1578
NZ_JBRDZN010000002.1	gb|HG934764.1|+|0-864|ARO:3001351|SHV-183	99.653	864	0	1	41613	42473	1	864	0.0	1576
NZ_JBRDZN010000002.1	gb|NG_070734.1|+|0-870|ARO:3005664|CTX-M-241	99.201	876	1	1	79568	80443	870	1	0.0	1574
NZ_JBRDZN010000002.1	gb|NG_065939.1|+|0-861|ARO:3005272|TEM-242	99.652	861	3	0	71758	72618	861	1	0.0	1574
NZ_JBRDZN010000002.1	gb|NG_059898.1|+|100-961|ARO:3005266|TEM-235	99.652	861	3	0	71758	72618	861	1	0.0	1574
NZ_JBRDZN010000002.1	gb|NG_054684.1|+|0-861|ARO:3005257|TEM-226	99.652	861	3	0	71758	72618	861	1	0.0	1574
NZ_JBRDZN010000002.1	gb|NG_050261.1|+|100-961|ARO:3000902|TEM-32	99.652	861	3	0	71758	72618	861	1	0.0	1574
NZ_JBRDZN010000002.1	gb|NG_068215.1|+|100-961|ARO:3000877|TEM-5	99.652	861	3	0	71758	72618	861	1	0.0	1574
NZ_JBRDZN010000002.1	gb|NG_062300.1|+|0-861|ARO:3005247|SHV-228	99.652	861	3	0	41613	42473	1	861	0.0	1574
NZ_JBRDZN010000002.1	gb|X55640.1|+|111-972|ARO:3001064|SHV-5	99.652	861	3	0	41613	42473	1	861	0.0	1574
NZ_JBRDZN010000002.1	gb|DQ279850.1|+|0-861|ARO:3001014|TEM-147	99.652	861	3	0	71758	72618	861	1	0.0	1574
NZ_JBRDZN010000002.1	gb|DQ013287.1|+|0-861|ARO:3001124|SHV-70	99.652	861	3	0	41613	42473	1	861	0.0	1574
NZ_JBRDZN010000002.1	gb|X98102.1|+|73-934|ARO:3001061|SHV-2A	99.652	861	3	0	41613	42473	1	861	0.0	1574
NZ_JBRDZN010000002.1	gb|AF164577.1|+|0-861|ARO:3001072|SHV-13	99.652	861	3	0	41613	42473	1	861	0.0	1574
NZ_JBRDZN010000002.1	gb|FR717535.1|+|0-861|ARO:3000910|TEM-40	99.652	861	3	0	71758	72618	861	1	0.0	1574
NZ_JBRDZN010000002.1	gb|AY277255.2|+|66-927|ARO:3001089|SHV-31	99.652	861	3	0	41613	42473	1	861	0.0	1574
NZ_JBRDZN010000002.1	gb|KM114268.1|+|0-861|ARO:3003157|TEM-219	99.652	861	3	0	71758	72618	861	1	0.0	1574
NZ_JBRDZN010000002.1	gb|Y17584.1|+|0-858|ARO:3000899|TEM-29	99.767	858	2	0	71761	72618	858	1	0.0	1574
NZ_JBRDZN010000002.1	gb|EU815939.1|+|0-861|ARO:3001029|TEM-163	99.652	861	3	0	71758	72618	861	1	0.0	1574
NZ_JBRDZN010000002.1	gb|GU827715.1|+|0-861|ARO:3001176|SHV-129	99.652	861	3	0	41613	42473	1	861	0.0	1574
NZ_JBRDZN010000002.1	gb|X98101.1|+|73-934|ARO:3001070|SHV-11	99.652	861	3	0	41613	42473	1	861	0.0	1574
NZ_JBRDZN010000002.1	gb|HQ317449.1|+|0-861|ARO:3001373|TEM-182	99.652	861	3	0	71758	72618	861	1	0.0	1574
NZ_JBRDZN010000002.1	gb|EF534736.1|+|213-1074|ARO:3001024|TEM-158	99.652	861	3	0	71758	72618	861	1	0.0	1574
NZ_JBRDZN010000002.1	gb|AY491682.1|+|0-861|ARO:3000996|TEM-132	99.652	861	3	0	71758	72618	861	1	0.0	1574
NZ_JBRDZN010000002.1	gb|MZ026156.1|+|0-861|ARO:3007453|TEM-244	99.535	861	4	0	71758	72618	861	1	0.0	1568
NZ_JBRDZN010000002.1	gb|NG_066544.1|+|0-861|ARO:3005270|TEM-240	99.535	861	4	0	71758	72618	861	1	0.0	1568
NZ_JBRDZN010000002.1	gb|NG_067163.1|+|0-861|ARO:3005269|TEM-238	99.535	861	4	0	71758	72618	861	1	0.0	1568
NZ_JBRDZN010000002.1	gb|NG_062250.1|+|100-961|ARO:3005268|TEM-237	99.535	861	4	0	71758	72618	861	1	0.0	1568
NZ_JBRDZN010000002.1	gb|NG_062285.1|+|0-861|ARO:3005251|SHV-213	99.535	861	4	0	41613	42473	1	861	0.0	1568
NZ_JBRDZN010000002.1	gb|NG_055668.1|+|0-861|ARO:3005249|SHV-203	99.535	861	4	0	41613	42473	1	861	0.0	1568
NZ_JBRDZN010000002.1	gb|NG_055588.1|+|0-861|ARO:3005248|SHV-200	99.535	861	4	0	41613	42473	1	861	0.0	1568
NZ_JBRDZN010000002.1	gb|AM743197.2|-|2076-2937|ARO:3001044|TEM-181	99.535	861	4	0	71758	72618	861	1	0.0	1568
NZ_JBRDZN010000002.1	gb|NG_056418.1|+|0-861|ARO:3005262|TEM-231	99.535	861	4	0	71758	72618	861	1	0.0	1568
NZ_JBRDZN010000002.1	gb|AM183304.1|+|208-1069|ARO:3001017|TEM-150	99.535	861	4	0	71758	72618	861	1	0.0	1568
NZ_JBRDZN010000002.1	gb|JF812965.1|+|0-861|ARO:3001167|SHV-120	99.535	861	4	0	41613	42473	1	861	0.0	1568
NZ_JBRDZN010000002.1	gb|FJ919776.1|+|208-1069|ARO:3001034|TEM-168	99.535	861	4	0	71758	72618	861	1	0.0	1568
NZ_JBRDZN010000002.1	gb|AB302939.1|+|8-869|ARO:3001115|SHV-60	99.535	861	4	0	41613	42473	1	861	0.0	1568
NZ_JBRDZN010000002.1	gb|AF104442.1|+|193-1054|ARO:3000923|TEM-54	99.535	861	4	0	71758	72618	861	1	0.0	1568
NZ_JBRDZN010000002.1	gb|AM941159.1|+|208-1069|ARO:3001022|TEM-156	99.535	861	4	0	71758	72618	861	1	0.0	1568
NZ_JBRDZN010000002.1	gb|AF351241.1|+|89-950|ARO:3000957|TEM-90	99.535	861	4	0	71758	72618	861	1	0.0	1568
NZ_JBRDZN010000002.1	gb|FJ873740.1|+|0-858|ARO:3001035|TEM-169	99.650	858	3	0	71761	72618	858	1	0.0	1568
NZ_JBRDZN010000002.1	gb|AF148851.1|+|5-866|ARO:3001060|SHV-2	99.535	861	4	0	41613	42473	1	861	0.0	1568
NZ_JBRDZN010000002.1	gb|FJ668814.1|+|76-937|ARO:3001059|SHV-1	99.535	861	4	0	41613	42473	1	861	0.0	1568
NZ_JBRDZN010000002.1	gb|AY092401.1|+|0-861|ARO:3000963|TEM-96	99.535	861	4	0	71758	72618	861	1	0.0	1568
NZ_JBRDZN010000002.1	gb|AY027590.1|+|112-973|ARO:3000955|TEM-88	99.535	861	4	0	71758	72618	861	1	0.0	1568
NZ_JBRDZN010000002.1	gb|GQ149347.1|+|5269-6130|ARO:3001037|TEM-171	99.535	861	4	0	71758	72618	861	1	0.0	1568
NZ_JBRDZN010000002.1	gb|KF513177.1|+|0-861|ARO:3001356|SHV-172	99.535	861	4	0	41613	42473	1	861	0.0	1568
NZ_JBRDZN010000002.1	gb|AJ012256.1|+|208-1069|ARO:3000939|TEM-73	99.535	861	4	0	71758	72618	861	1	0.0	1568
NZ_JBRDZN010000002.1	gb|AY101764.1|+|206-1067|ARO:3000970|TEM-107	99.535	861	4	0	71758	72618	861	1	0.0	1568
NZ_JBRDZN010000002.1	gb|AJ866284.2|+|0-861|ARO:3001116|SHV-61	99.535	861	4	0	41613	42473	1	861	0.0	1568
NZ_JBRDZN010000002.1	gb|HQ529916.1|+|110-971|ARO:3001045|TEM-183	99.535	861	4	0	71758	72618	861	1	0.0	1568
NZ_JBRDZN010000002.1	gb|U95363.2|+|0-861|ARO:3000912|TEM-43	99.535	861	4	0	71758	72618	861	1	0.0	1568
NZ_JBRDZN010000002.1	gb|AY628175.1|+|210-1071|ARO:3000972|TEM-109	99.535	861	4	0	71758	72618	861	1	0.0	1568
NZ_JBRDZN010000002.1	gb|NG_068211.1|+|100-961|ARO:3001165|SHV-116	99.419	861	5	0	41613	42473	1	861	0.0	1563
NZ_JBRDZN010000002.1	gb|NG_067162.1|+|0-861|ARO:3001164|SHV-115	99.419	861	5	0	41613	42473	1	861	0.0	1563
NZ_JBRDZN010000002.1	gb|NG_071226.1|+|0-861|ARO:3005273|TEM-243	99.419	861	5	0	71758	72618	861	1	0.0	1563
NZ_JBRDZN010000002.1	gb|NG_061611.1|+|0-861|ARO:3005267|TEM-236	99.419	861	5	0	71758	72618	861	1	0.0	1563
NZ_JBRDZN010000002.1	gb|NG_062287.1|+|0-861|ARO:3005243|SHV-215	99.419	861	5	0	41613	42473	1	861	0.0	1563
NZ_JBRDZN010000002.1	gb|NG_050058.1|+|0-861|ARO:3005239|SHV-193	99.419	861	5	0	41613	42473	1	861	0.0	1563
NZ_JBRDZN010000002.1	gb|NG_062299.1|+|0-861|ARO:3005233|SHV-227	99.419	861	5	0	41613	42473	1	861	0.0	1563
NZ_JBRDZN010000002.1	gb|NG_055503.1|+|0-861|ARO:3005232|SHV-199	99.419	861	5	0	41613	42473	1	861	0.0	1563
NZ_JBRDZN010000002.1	gb|NG_062298.1|+|0-861|ARO:3005228|SHV-226	99.419	861	5	0	41613	42473	1	861	0.0	1563
NZ_JBRDZN010000002.1	gb|NG_051169.1|+|0-861|ARO:3005223|SHV-194	99.419	861	5	0	41613	42473	1	861	0.0	1563
NZ_JBRDZN010000002.1	gb|LT985229.1|+|36107-36968|ARO:3001063|SHV-4	99.419	861	5	0	41613	42473	1	861	0.0	1563
NZ_JBRDZN010000002.1	gb|KF705208.1|+|0-861|ARO:3001362|SHV-179	99.419	861	5	0	41613	42473	1	861	0.0	1563
NZ_JBRDZN010000002.1	gb|JX121131.1|+|0-858|ARO:3001203|SHV-165	99.534	858	4	0	41613	42470	1	858	0.0	1563
NZ_JBRDZN010000002.1	gb|KF705209.1|+|0-861|ARO:3001361|SHV-178	99.419	861	5	0	41613	42473	1	861	0.0	1563
NZ_JBRDZN010000002.1	gb|JX013655.1|+|0-861|ARO:3001185|SHV-145	99.419	861	5	0	41613	42473	1	861	0.0	1563
NZ_JBRDZN010000002.1	gb|JN254627.1|+|0-861|ARO:3001049|TEM-189	99.419	861	5	0	71758	72618	861	1	0.0	1563
NZ_JBRDZN010000002.1	gb|FJ807656.1|+|0-861|ARO:3001020|TEM-154	99.419	861	5	0	71758	72618	861	1	0.0	1563
NZ_JBRDZN010000002.1	gb|AM941844.1|+|0-861|ARO:3001336|SHV-98	99.419	861	5	0	41613	42473	1	861	0.0	1563
NZ_JBRDZN010000002.1	gb|AF427128.1|+|208-1069|ARO:3000949|TEM-82	99.419	861	5	0	71758	72618	861	1	0.0	1563
NZ_JBRDZN010000002.1	gb|JX121121.1|+|0-858|ARO:3001193|SHV-154	99.534	858	4	0	41613	42470	1	858	0.0	1563
NZ_JBRDZN010000002.1	gb|AF547625.1|+|0-861|ARO:3001103|SHV-45	99.419	861	5	0	41613	42473	1	861	0.0	1563
NZ_JBRDZN010000002.1	gb|LN515533.1|+|0-867|ARO:3003154|SHV-187	99.193	867	7	0	41607	42473	1	867	0.0	1563
NZ_JBRDZN010000002.1	gb|AF427127.1|+|208-1069|ARO:3000948|TEM-81	99.419	861	5	0	71758	72618	861	1	0.0	1563
NZ_JBRDZN010000002.1	gb|AM941848.1|+|0-861|ARO:3001156|SHV-107	99.419	861	5	0	41613	42473	1	861	0.0	1563
NZ_JBRDZN010000002.1	gb|HQ637576.1|+|0-861|ARO:3001179|SHV-135	99.419	861	5	0	41613	42473	1	861	0.0	1563
NZ_JBRDZN010000002.1	gb|AF227204.1|+|73-934|ARO:3001084|SHV-26	99.419	861	5	0	41613	42473	1	861	0.0	1563
NZ_JBRDZN010000002.1	gb|AM176555.2|+|0-861|ARO:3001134|SHV-80	99.419	861	5	0	41613	42473	1	861	0.0	1563
NZ_JBRDZN010000002.1	gb|KF513178.1|+|0-861|ARO:3001357|SHV-173	99.419	861	5	0	41613	42473	1	861	0.0	1563
NZ_JBRDZN010000002.1	gb|DQ105529.2|+|0-861|ARO:3001013|TEM-146	99.419	861	5	0	71758	72618	861	1	0.0	1563
NZ_JBRDZN010000002.1	gb|AM176549.2|+|30-891|ARO:3001128|SHV-74	99.419	861	5	0	41613	42473	1	861	0.0	1563
NZ_JBRDZN010000002.1	gb|AY826417.1|+|0-861|ARO:3001000|TEM-136	99.419	861	5	0	71758	72618	861	1	0.0	1563
NZ_JBRDZN010000002.1	gb|AF208796.2|+|0-861|ARO:3001083|SHV-25	99.419	861	5	0	41613	42473	1	861	0.0	1563
NZ_JBRDZN010000002.1	gb|KC149518.1|+|0-861|ARO:3001369|TEM-153	99.419	861	5	0	71758	72618	861	1	0.0	1563
NZ_JBRDZN010000002.1	gb|JX121128.1|+|0-861|ARO:3001200|SHV-161	99.419	861	5	0	41613	42473	1	861	0.0	1563
NZ_JBRDZN010000002.1	gb|NG_050256.1|+|100-961|ARO:3000896|TEM-26	99.419	861	5	0	71758	72618	861	1	0.0	1563
NZ_JBRDZN010000002.1	gb|AY210887.1|+|111-972|ARO:3001104|SHV-46	99.419	861	5	0	41613	42473	1	861	0.0	1563
NZ_JBRDZN010000002.1	gb|X57972.1|+|339-1200|ARO:3000878|TEM-6	99.419	861	5	0	71758	72618	861	1	0.0	1563
NZ_JBRDZN010000002.1	gb|FJ624872.1|+|2-854|ARO:3002319|KPC-9	99.765	852	2	0	32759	33610	1	852	0.0	1563
NZ_JBRDZN010000002.1	gb|EF373973.1|+|0-861|ARO:3001149|SHV-97	99.419	861	5	0	41613	42473	1	861	0.0	1563
NZ_JBRDZN010000002.1	gb|JQ029959.1|+|28-889|ARO:3001184|SHV-142	99.419	861	5	0	41613	42473	1	861	0.0	1563
NZ_JBRDZN010000002.1	gb|DQ105528.2|+|0-861|ARO:3001012|TEM-145	99.419	861	5	0	71758	72618	861	1	0.0	1563
NZ_JBRDZN010000002.1	gb|KM233164.1|+|0-861|ARO:3003152|SHV-185	99.419	861	5	0	41613	42473	1	861	0.0	1563
NZ_JBRDZN010000002.1	gb|DQ174307.1|+|4-865|ARO:3001122|SHV-67	99.419	861	5	0	41613	42473	1	861	0.0	1563
NZ_JBRDZN010000002.1	gb|DQ174308.1|+|4-865|ARO:3001123|SHV-69	99.419	861	5	0	41613	42473	1	861	0.0	1563
NZ_JBRDZN010000002.1	gb|AF467947.1|+|0-861|ARO:3001094|SHV-36	99.419	861	5	0	41613	42473	1	861	0.0	1563
NZ_JBRDZN010000002.1	gb|AY589493.1|+|166-1027|ARO:3000975|TEM-112	99.419	861	5	0	71758	72618	861	1	0.0	1563
NZ_JBRDZN010000002.1	gb|AM176553.2|+|30-891|ARO:3001132|SHV-78	99.419	861	5	0	41613	42473	1	861	0.0	1563
NZ_JBRDZN010000002.1	gb|AB049569.1|+|0-861|ARO:3000958|TEM-91	99.419	861	5	0	71758	72618	861	1	0.0	1563
NZ_JBRDZN010000002.1	gb|GU932590.1|+|0-861|ARO:3001175|SHV-128	99.419	861	5	0	41613	42473	1	861	0.0	1563
NZ_JBRDZN010000002.1	gb|U36911.1|+|1429-2290|ARO:3000979|TEM-116	99.419	861	5	0	71758	72618	861	1	0.0	1563
NZ_JBRDZN010000002.1	gb|EU274581.1|+|0-861|ARO:3001153|SHV-104	99.419	860	5	0	41614	42473	2	861	0.0	1561
NZ_JBRDZN010000002.1	gb|OK086971.1|+|0-897|ARO:3007449|KPC-97	98.328	897	0	1	32744	33625	1	897	0.0	1559
NZ_JBRDZN010000002.1	gb|MZ569034.1|+|0-897|ARO:3007102|KPC-93	98.328	897	0	1	32744	33625	1	897	0.0	1559
NZ_JBRDZN010000002.1	gb|NG_050308.1|+|0-861|ARO:3006140|TEM-99	99.648	853	3	0	71758	72610	861	9	0.0	1559
NZ_JBRDZN010000002.1	gb|JX121122.1|+|0-858|ARO:3001194|SHV-155	99.533	856	4	0	41613	42468	1	856	0.0	1559
NZ_JBRDZN010000002.1	gb|JX121115.1|+|0-858|ARO:3001187|SHV-148	99.533	856	4	0	41613	42468	1	856	0.0	1559
NZ_JBRDZN010000002.1	gb|AJ416346.1|+|556-1432|ARO:3001883|CTX-M-21	98.856	874	10	0	79570	80443	874	1	0.0	1559
NZ_JBRDZN010000002.1	gb|ON651488.1|+|0-861|ARO:3007451|TEM-247	99.303	861	6	0	71758	72618	861	1	0.0	1557
NZ_JBRDZN010000002.1	gb|NG_050020.1|+|0-861|ARO:3001346|SHV-146	99.303	861	6	0	41613	42473	1	861	0.0	1557
NZ_JBRDZN010000002.1	gb|NG_052651.1|+|0-861|ARO:3005256|TEM-225	99.303	861	6	0	71758	72618	861	1	0.0	1557
NZ_JBRDZN010000002.1	gb|NG_050245.1|+|0-861|ARO:3001389|TEM-212	99.303	861	6	0	71758	72618	861	1	0.0	1557
NZ_JBRDZN010000002.1	gb|MF804906.1|+|0-867|ARO:3005253|SHV-202	99.077	867	8	0	41607	42473	1	867	0.0	1557
NZ_JBRDZN010000002.1	gb|NG_062289.1|+|0-861|ARO:3005250|SHV-217	99.303	861	6	0	41613	42473	1	861	0.0	1557
NZ_JBRDZN010000002.1	gb|NG_062281.1|+|0-861|ARO:3005242|SHV-209	99.303	861	6	0	41613	42473	1	861	0.0	1557
NZ_JBRDZN010000002.1	gb|NG_062297.1|+|0-861|ARO:3005241|SHV-225	99.303	861	6	0	41613	42473	1	861	0.0	1557
NZ_JBRDZN010000002.1	gb|NG_062296.1|+|0-861|ARO:3005240|SHV-224	99.303	861	6	0	41613	42473	1	861	0.0	1557
NZ_JBRDZN010000002.1	gb|NG_062283.1|+|0-861|ARO:3005230|SHV-211	99.303	861	6	0	41613	42473	1	861	0.0	1557
NZ_JBRDZN010000002.1	gb|NG_062282.1|+|0-861|ARO:3005225|SHV-210	99.303	861	6	0	41613	42473	1	861	0.0	1557
NZ_JBRDZN010000002.1	gb|NG_056416.1|+|0-861|ARO:3005260|TEM-229	99.303	861	6	0	71758	72618	861	1	0.0	1557
NZ_JBRDZN010000002.1	gb|NG_062244.1|+|0-861|ARO:3005211|SHV-201	99.303	861	6	0	41613	42473	1	861	0.0	1557
NZ_JBRDZN010000002.1	gb|U20270.1|+|124-985|ARO:3001066|SHV-7	99.303	861	6	0	41613	42473	1	861	0.0	1557
NZ_JBRDZN010000002.1	gb|JQ926986.1|+|0-861|ARO:3001345|SHV-144	99.303	861	6	0	41613	42473	1	861	0.0	1557
NZ_JBRDZN010000002.1	gb|AY288915.1|+|0-861|ARO:3001107|SHV-50	99.303	861	6	0	41613	42473	1	861	0.0	1557
NZ_JBRDZN010000002.1	gb|AF293345.1|+|0-861|ARO:3001085|SHV-27	99.303	861	6	0	41613	42473	1	861	0.0	1557
NZ_JBRDZN010000002.1	gb|M88143.1|+|367-1228|ARO:3000884|TEM-12	99.303	861	6	0	71758	72618	861	1	0.0	1557
NZ_JBRDZN010000002.1	gb|JX042489.1|+|141-1002|ARO:3000890|TEM-19	99.303	861	6	0	71758	72618	861	1	0.0	1557
NZ_JBRDZN010000002.1	gb|AF535127.1|+|208-1069|ARO:3000978|TEM-115	99.303	861	6	0	71758	72618	861	1	0.0	1557
NZ_JBRDZN010000002.1	gb|AF535128.1|+|0-861|ARO:3001098|SHV-40	99.303	861	6	0	41613	42473	1	861	0.0	1557
NZ_JBRDZN010000002.1	gb|AF347054.1|+|208-1069|ARO:3000947|TEM-80	99.303	861	6	0	71758	72618	861	1	0.0	1557
NZ_JBRDZN010000002.1	gb|HQ877606.1|+|0-861|ARO:3001056|TEM-197	99.303	861	6	0	71758	72618	861	1	0.0	1557
NZ_JBRDZN010000002.1	gb|HQ877615.1|+|0-861|ARO:3001159|SHV-110	99.303	861	6	0	41613	42473	1	861	0.0	1557
NZ_JBRDZN010000002.1	gb|DQ322460.1|+|15-876|ARO:3001139|SHV-85	99.303	861	6	0	41613	42473	1	861	0.0	1557
NZ_JBRDZN010000002.1	gb|AJ318093.1|+|0-861|ARO:3000960|TEM-93	99.303	861	6	0	71758	72618	861	1	0.0	1557
NZ_JBRDZN010000002.1	gb|EF373970.1|+|0-861|ARO:3001146|SHV-94	99.303	861	6	0	41613	42473	1	861	0.0	1557
NZ_JBRDZN010000002.1	gb|DQ174305.1|+|4-865|ARO:3001120|SHV-65	99.303	861	6	0	41613	42473	1	861	0.0	1557
NZ_JBRDZN010000002.1	gb|AM176556.2|+|25-886|ARO:3001135|SHV-81	99.303	861	6	0	41613	42473	1	861	0.0	1557
NZ_JBRDZN010000002.1	gb|KJ776406.1|+|16-877|ARO:3001340|SHV-119	99.303	861	6	0	41613	42473	1	861	0.0	1557
NZ_JBRDZN010000002.1	gb|EU418913.1|+|16-877|ARO:3001158|SHV-109	99.303	861	6	0	41613	42473	1	861	0.0	1557
NZ_JBRDZN010000002.1	gb|EU032604.1|+|0-861|ARO:3001152|SHV-103	99.303	861	6	0	41613	42473	1	861	0.0	1557
NZ_JBRDZN010000002.1	gb|AM176552.2|+|30-891|ARO:3001131|SHV-77	99.303	861	6	0	41613	42473	1	861	0.0	1557
NZ_JBRDZN010000002.1	gb|EF373971.1|+|0-861|ARO:3001148|SHV-96	99.303	861	6	0	41613	42473	1	861	0.0	1557
NZ_JBRDZN010000002.1	gb|KM233165.1|+|0-861|ARO:3003153|SHV-186	99.303	861	6	0	41613	42473	1	861	0.0	1557
NZ_JBRDZN010000002.1	gb|JF795538.1|+|0-861|ARO:3001374|TEM-185	99.303	861	6	0	71758	72618	861	1	0.0	1557
NZ_JBRDZN010000002.1	gb|JQ388884.1|+|0-861|ARO:3001183|SHV-141	99.303	861	6	0	41613	42473	1	861	0.0	1557
NZ_JBRDZN010000002.1	gb|AY223863.1|+|170-1031|ARO:3001113|SHV-57	99.303	861	6	0	41613	42473	1	861	0.0	1557
NZ_JBRDZN010000002.1	gb|AY243512.1|+|208-1069|ARO:3000982|TEM-120	99.303	861	6	0	71758	72618	861	1	0.0	1557
NZ_JBRDZN010000002.1	gb|JX121120.1|+|0-858|ARO:3001192|SHV-153	99.417	858	5	0	41613	42470	1	858	0.0	1557
NZ_JBRDZN010000002.1	gb|AM176557.2|+|0-861|ARO:3001136|SHV-82	99.303	861	6	0	41613	42473	1	861	0.0	1557
NZ_JBRDZN010000002.1	gb|Y13612.1|+|0-861|ARO:3000921|TEM-52	99.303	861	6	0	71758	72618	861	1	0.0	1557
NZ_JBRDZN010000002.1	gb|AF427130.1|+|208-1069|ARO:3000951|TEM-84	99.303	861	6	0	71758	72618	861	1	0.0	1557
NZ_JBRDZN010000002.1	gb|JX121123.1|+|0-861|ARO:3001195|SHV-156	99.303	861	6	0	41613	42473	1	861	0.0	1557
NZ_JBRDZN010000002.1	gb|KY432484.1|+|0-861|ARO:3001051|TEM-191	99.303	861	6	0	71758	72618	861	1	0.0	1557
NZ_JBRDZN010000002.1	gb|AY528718.1|+|413-1274|ARO:3001106|SHV-49	99.303	861	6	0	41613	42473	1	861	0.0	1557
NZ_JBRDZN010000002.1	gb|AB551737.1|+|14-875|ARO:3001177|SHV-133	99.303	861	6	0	41613	42473	1	861	0.0	1557
NZ_JBRDZN010000002.1	gb|X54606.1|+|214-1075|ARO:3000874|TEM-2	99.303	861	6	0	71758	72618	861	1	0.0	1557
NZ_JBRDZN010000002.1	gb|U92041.1|+|0-861|ARO:3001067|SHV-8	99.303	861	6	0	41613	42473	1	861	0.0	1557
NZ_JBRDZN010000002.1	gb|DQ679961.1|+|114-975|ARO:3001021|TEM-155	99.303	861	6	0	71758	72618	861	1	0.0	1557
NZ_JBRDZN010000002.1	gb|KP050487.1|+|0-861|ARO:3001350|SHV-180	99.303	861	6	0	41613	42473	1	861	0.0	1557
NZ_JBRDZN010000002.1	gb|JX121119.1|+|0-858|ARO:3001191|SHV-152	99.417	858	5	0	41613	42470	1	858	0.0	1557
NZ_JBRDZN010000002.1	gb|HQ661362.1|+|71-932|ARO:3001168|SHV-121	99.303	861	6	0	41613	42473	1	861	0.0	1557
NZ_JBRDZN010000002.1	gb|AY070258.1|+|0-861|ARO:3001093|SHV-35	99.303	861	6	0	41613	42473	1	861	0.0	1557
NZ_JBRDZN010000002.1	gb|DQ193536.1|+|0-861|ARO:3001141|SHV-89	99.303	861	6	0	41613	42473	1	861	0.0	1557
NZ_JBRDZN010000002.1	gb|EU586041.1|+|0-861|ARO:3001112|SHV-56	99.303	861	6	0	41613	42473	1	861	0.0	1557
NZ_JBRDZN010000002.1	gb|KP050489.1|+|0-861|ARO:3001364|SHV-182	99.303	861	6	0	41613	42473	1	861	0.0	1557
NZ_JBRDZN010000002.1	gb|Y10279.1|+|0-861|ARO:3000916|TEM-47	99.303	861	6	0	71758	72618	861	1	0.0	1557
NZ_JBRDZN010000002.1	gb|AM176554.2|+|30-891|ARO:3001133|SHV-79	99.303	861	6	0	41613	42473	1	861	0.0	1557
NZ_JBRDZN010000002.1	gb|AB023477.1|+|0-861|ARO:3001082|SHV-24	99.303	861	6	0	41613	42473	1	861	0.0	1557
NZ_JBRDZN010000002.1	gb|NG_050307.1|+|0-861|ARO:3006139|TEM-98	99.531	853	4	0	71758	72610	861	9	0.0	1554
NZ_JBRDZN010000002.1	gb|AM176558.2|+|0-861|ARO:3001137|SHV-83	99.302	859	6	0	41615	42473	3	861	0.0	1554
NZ_JBRDZN010000002.1	gb|NG_050009.1|+|100-961|ARO:3001341|SHV-132	99.187	861	7	0	41613	42473	1	861	0.0	1552
NZ_JBRDZN010000002.1	gb|NG_062293.1|+|0-861|ARO:3005252|SHV-221	99.187	861	7	0	41613	42473	1	861	0.0	1552
NZ_JBRDZN010000002.1	gb|NG_050059.1|+|0-861|ARO:3005237|SHV-1b-b	99.187	861	7	0	41613	42473	1	861	0.0	1552
NZ_JBRDZN010000002.1	gb|NG_062279.1|+|0-861|ARO:3005236|SHV-207	99.187	861	7	0	41613	42473	1	861	0.0	1552
NZ_JBRDZN010000002.1	gb|NG_062291.1|+|0-861|ARO:3005231|SHV-219	99.187	861	7	0	41613	42473	1	861	0.0	1552
NZ_JBRDZN010000002.1	gb|NG_051521.1|+|0-861|ARO:3005229|SHV-196	99.187	861	7	0	41613	42473	1	861	0.0	1552
NZ_JBRDZN010000002.1	gb|NG_062278.1|+|0-861|ARO:3005227|SHV-206	99.187	861	7	0	41613	42473	1	861	0.0	1552
NZ_JBRDZN010000002.1	gb|NG_062288.1|+|0-861|ARO:3005215|SHV-216	99.187	861	7	0	41613	42473	1	861	0.0	1552
NZ_JBRDZN010000002.1	gb|NG_052582.1|+|0-861|ARO:3005214|SHV-197	99.187	861	7	0	41613	42473	1	861	0.0	1552
NZ_JBRDZN010000002.1	gb|NG_057581.1|+|0-861|ARO:3005264|TEM-233	99.187	861	7	0	71758	72618	861	1	0.0	1552
NZ_JBRDZN010000002.1	gb|KX092356.1|+|192-1053|ARO:3001062|SHV-3	99.187	861	7	0	41613	42473	1	861	0.0	1552
NZ_JBRDZN010000002.1	gb|AY259119.1|+|116-977|ARO:3001102|SHV-44	99.187	861	7	0	41613	42473	1	861	0.0	1552
NZ_JBRDZN010000002.1	gb|KP050494.1|+|0-861|ARO:3003156|SHV-189	99.187	861	7	0	41613	42473	1	861	0.0	1552
NZ_JBRDZN010000002.1	gb|JX121126.1|+|0-858|ARO:3001198|SHV-159	99.301	858	6	0	41613	42470	1	858	0.0	1552
NZ_JBRDZN010000002.1	gb|AF104441.1|+|193-1054|ARO:3000922|TEM-53	99.187	861	7	0	71758	72618	861	1	0.0	1552
NZ_JBRDZN010000002.1	gb|AB372881.1|+|8-869|ARO:3001160|SHV-111	99.187	861	7	0	41613	42473	1	861	0.0	1552
NZ_JBRDZN010000002.1	gb|EF373972.1|+|0-861|ARO:3001147|SHV-95	99.187	861	7	0	41613	42473	1	861	0.0	1552
NZ_JBRDZN010000002.1	gb|DAGGVK010000093.1|+|2639-3500|ARO:3001138|SHV-84	99.187	861	7	0	41613	42473	1	861	0.0	1552
NZ_JBRDZN010000002.1	gb|JQ341060.1|-|881-1742|ARO:3001344|SHV-143	99.187	861	7	0	41613	42473	1	861	0.0	1552
NZ_JBRDZN010000002.1	gb|EF136377.1|+|0-861|ARO:3001026|TEM-160	99.187	861	7	0	71758	72618	861	1	0.0	1552
NZ_JBRDZN010000002.1	gb|AY263404.1|+|0-861|ARO:3001105|SHV-48	99.187	861	7	0	41613	42473	1	861	0.0	1552
NZ_JBRDZN010000002.1	gb|EU342351.1|+|172-1033|ARO:3001118|SHV-63	99.187	861	7	0	41613	42473	1	861	0.0	1552
NZ_JBRDZN010000002.1	gb|DQ909059.1|+|0-861|ARO:3001023|TEM-157	99.187	861	7	0	71758	72618	861	1	0.0	1552
NZ_JBRDZN010000002.1	gb|DAGGWD010000033.1|+|85-946|ARO:3001077|SHV-19	99.187	861	7	0	41613	42473	1	861	0.0	1552
NZ_JBRDZN010000002.1	gb|JX121114.1|+|0-858|ARO:3001186|SHV-147	99.301	858	6	0	41613	42470	1	858	0.0	1552
NZ_JBRDZN010000002.1	gb|X95401.1|+|208-1069|ARO:3000914|TEM-45	99.187	861	7	0	71758	72618	861	1	0.0	1552
NZ_JBRDZN010000002.1	gb|AJ863560.2|+|0-861|ARO:3001111|SHV-55	99.187	861	7	0	41613	42473	1	861	0.0	1552
NZ_JBRDZN010000002.1	gb|AJ746225.1|+|0-861|ARO:3000993|TEM-129	99.187	861	7	0	71758	72618	861	1	0.0	1552
NZ_JBRDZN010000002.1	gb|JX121125.1|+|0-858|ARO:3001197|SHV-158	99.301	858	6	0	41613	42470	1	858	0.0	1552
NZ_JBRDZN010000002.1	gb|EF373969.1|+|0-861|ARO:3001145|SHV-93	99.187	861	7	0	41613	42473	1	861	0.0	1552
NZ_JBRDZN010000002.1	gb|JX268631.1|+|0-861|ARO:3001091|SHV-33	99.187	861	7	0	41613	42473	1	861	0.0	1552
NZ_JBRDZN010000002.1	gb|AJ239002.1|+|0-861|ARO:3000935|TEM-68	99.187	861	7	0	71758	72618	861	1	0.0	1552
NZ_JBRDZN010000002.1	gb|JX121124.1|+|0-861|ARO:3001196|SHV-157	99.187	861	7	0	41613	42473	1	861	0.0	1552
NZ_JBRDZN010000002.1	gb|JX121117.1|+|0-858|ARO:3001189|SHV-150	99.301	858	6	0	41613	42470	1	858	0.0	1552
NZ_JBRDZN010000002.1	gb|AF226622.1|+|54-915|ARO:3001073|SHV-14	99.187	861	7	0	41613	42473	1	861	0.0	1552
NZ_JBRDZN010000002.1	gb|EU024485.1|+|0-861|ARO:3001151|SHV-102	99.187	861	7	0	41613	42473	1	861	0.0	1552
NZ_JBRDZN010000002.1	gb|AJ866285.2|+|0-861|ARO:3001117|SHV-62	99.187	861	7	0	41613	42473	1	861	0.0	1552
NZ_JBRDZN010000002.1	gb|KF663615.1|+|0-858|ARO:3001390|TEM-213	99.301	858	6	0	71761	72618	858	1	0.0	1552
NZ_JBRDZN010000002.1	gb|EF136376.1|+|0-861|ARO:3001025|TEM-159	99.187	861	7	0	71758	72618	861	1	0.0	1552
NZ_JBRDZN010000002.1	gb|HM751100.1|+|0-861|ARO:3001157|SHV-108	99.187	861	7	0	41613	42473	1	861	0.0	1552
NZ_JBRDZN010000002.1	gb|AY661885.1|+|48-909|ARO:3001088|SHV-30	99.187	861	7	0	41613	42473	1	861	0.0	1552
NZ_JBRDZN010000002.1	gb|AM176550.2|+|30-891|ARO:3001129|SHV-75	99.187	861	7	0	41613	42473	1	861	0.0	1552
NZ_JBRDZN010000002.1	gb|AY072920.1|+|0-861|ARO:3000973|TEM-110	99.187	861	7	0	71758	72618	861	1	0.0	1552
NZ_JBRDZN010000002.1	gb|AY528425.1|+|0-861|ARO:3000997|TEM-133	99.187	861	7	0	71758	72618	861	1	0.0	1552
NZ_JBRDZN010000002.1	gb|AY079099.1|+|148-1009|ARO:3001096|SHV-38	99.187	861	7	0	41613	42473	1	861	0.0	1552
NZ_JBRDZN010000002.1	gb|AF203816.1|+|210-1071|ARO:3000937|TEM-71	99.187	861	7	0	71758	72618	861	1	0.0	1552
NZ_JBRDZN010000002.1	gb|AY037778.1|+|91-952|ARO:3001090|SHV-32	99.187	861	7	0	41613	42473	1	861	0.0	1552
NZ_JBRDZN010000002.1	gb|AY874537.1|+|177-1038|ARO:3000883|TEM-11	99.187	861	7	0	71758	72618	861	1	0.0	1552
NZ_JBRDZN010000002.1	gb|EU155018.1|+|0-861|ARO:3001150|SHV-101	99.187	861	7	0	41613	42473	1	861	0.0	1552
NZ_JBRDZN010000002.1	gb|FJ194944.1|+|46-907|ARO:3001154|SHV-105	99.187	861	7	0	41613	42473	1	861	0.0	1552
NZ_JBRDZN010000002.1	gb|AF535130.1|+|0-861|ARO:3001100|SHV-42	99.187	861	7	0	41613	42473	1	861	0.0	1552
NZ_JBRDZN010000002.1	gb|AF535129.1|+|0-861|ARO:3001099|SHV-41	99.187	861	7	0	41613	42473	1	861	0.0	1552
NZ_JBRDZN010000002.1	gb|JX121130.1|+|0-858|ARO:3001202|SHV-163	99.299	856	6	0	41613	42468	1	856	0.0	1548
NZ_JBRDZN010000002.1	gb|AF506748.1|+|38-899|ARO:3000971|TEM-108	99.414	853	5	0	71758	72610	861	9	0.0	1548
NZ_JBRDZN010000002.1	gb|LC542923.1|-|2479-3340|ARO:3000930|TEM-61	99.071	861	8	0	71758	72618	861	1	0.0	1546
NZ_JBRDZN010000002.1	gb|NG_050057.1|+|0-861|ARO:3003591|SHV-191	99.071	861	8	0	41613	42473	1	861	0.0	1546
NZ_JBRDZN010000002.1	gb|NG_065938.1|+|0-861|ARO:3005271|TEM-241	99.071	861	8	0	71758	72618	861	1	0.0	1546
NZ_JBRDZN010000002.1	gb|NG_065940.1|+|0-861|ARO:3000909|TEM-39	99.071	861	8	0	71758	72618	861	1	0.0	1546
NZ_JBRDZN010000002.1	gb|NG_062290.1|+|0-861|ARO:3005238|SHV-218	99.071	861	8	0	41613	42473	1	861	0.0	1546
NZ_JBRDZN010000002.1	gb|NG_062286.1|+|0-861|ARO:3005235|SHV-214	99.071	861	8	0	41613	42473	1	861	0.0	1546
NZ_JBRDZN010000002.1	gb|NG_062295.1|+|0-861|ARO:3005234|SHV-223	99.071	861	8	0	41613	42473	1	861	0.0	1546
NZ_JBRDZN010000002.1	gb|NG_062280.1|+|0-861|ARO:3005226|SHV-208	99.071	861	8	0	41613	42473	1	861	0.0	1546
NZ_JBRDZN010000002.1	gb|NG_062292.1|+|0-861|ARO:3005224|SHV-220	99.071	861	8	0	41613	42473	1	861	0.0	1546
NZ_JBRDZN010000002.1	gb|NG_057611.1|+|0-861|ARO:3005213|SHV-204	99.071	861	8	0	41613	42473	1	861	0.0	1546
NZ_JBRDZN010000002.1	gb|NG_051484.1|+|0-861|ARO:3005210|SHV-195	99.071	861	8	0	41613	42473	1	861	0.0	1546
NZ_JBRDZN010000002.1	gb|X65253.1|+|175-1036|ARO:3000894|TEM-24	99.071	861	8	0	71758	72618	861	1	0.0	1546
NZ_JBRDZN010000002.1	gb|AF468003.1|+|0-861|ARO:3000974|TEM-111	99.071	861	8	0	71758	72618	861	1	0.0	1546
NZ_JBRDZN010000002.1	gb|JN416112.1|+|0-861|ARO:3001050|TEM-190	99.071	861	8	0	71758	72618	861	1	0.0	1546
NZ_JBRDZN010000002.1	gb|AF301532.1|+|7-868|ARO:3001087|SHV-29	99.071	861	8	0	41613	42473	1	861	0.0	1546
NZ_JBRDZN010000002.1	gb|X64523.1|-|476-1337|ARO:3000875|TEM-3	99.071	861	8	0	71758	72618	861	1	0.0	1546
NZ_JBRDZN010000002.1	gb|AF299299.1|+|0-861|ARO:3001086|SHV-28	99.071	861	8	0	41613	42473	1	861	0.0	1546
NZ_JBRDZN010000002.1	gb|JX121118.1|+|0-858|ARO:3001190|SHV-151	99.184	858	7	0	41613	42470	1	858	0.0	1546
NZ_JBRDZN010000002.1	gb|DQ072853.1|+|0-861|ARO:3001003|TEM-139	99.071	861	8	0	71758	72618	861	1	0.0	1546
NZ_JBRDZN010000002.1	gb|AM941845.1|+|0-861|ARO:3001337|SHV-99	99.071	861	8	0	41613	42473	1	861	0.0	1546
NZ_JBRDZN010000002.1	gb|AY036620.1|+|88-949|ARO:3001092|SHV-34	99.071	861	8	0	41613	42473	1	861	0.0	1546
NZ_JBRDZN010000002.1	gb|JX121116.1|+|0-858|ARO:3001188|SHV-149	99.184	858	7	0	41613	42470	1	858	0.0	1546
NZ_JBRDZN010000002.1	gb|AY790341.1|+|0-861|ARO:3001114|SHV-59	99.071	861	8	0	41613	42473	1	861	0.0	1546
NZ_JBRDZN010000002.1	gb|Y17581.1|+|78-936|ARO:3000891|TEM-20	99.184	858	7	0	71761	72618	858	1	0.0	1546
NZ_JBRDZN010000002.1	gb|AM176546.2|+|0-861|ARO:3001125|SHV-71	99.071	861	8	0	41613	42473	1	861	0.0	1546
NZ_JBRDZN010000002.1	gb|AM176551.2|+|30-891|ARO:3001130|SHV-76	99.071	861	8	0	41613	42473	1	861	0.0	1546
NZ_JBRDZN010000002.1	gb|AM286274.1|+|0-861|ARO:3001001|TEM-137	99.071	861	8	0	71758	72618	861	1	0.0	1546
NZ_JBRDZN010000002.1	gb|AM941847.1|+|0-861|ARO:3001155|SHV-106	99.071	861	8	0	41613	42473	1	861	0.0	1546
NZ_JBRDZN010000002.1	gb|AF427129.1|+|208-1069|ARO:3000950|TEM-83	99.071	861	8	0	71758	72618	861	1	0.0	1546
NZ_JBRDZN010000002.1	gb|AF467948.1|+|0-861|ARO:3001095|SHV-37	99.071	861	8	0	41613	42473	1	861	0.0	1546
NZ_JBRDZN010000002.1	gb|JN211012.1|+|213-1074|ARO:3001048|TEM-188	99.071	861	8	0	71758	72618	861	1	0.0	1546
NZ_JBRDZN010000002.1	gb|Y14574.2|+|0-861|ARO:3000888|TEM-17	99.071	861	8	0	71758	72618	861	1	0.0	1546
NZ_JBRDZN010000002.1	gb|AF091113.2|+|450-1311|ARO:3000934|TEM-67	99.071	861	8	0	71758	72618	861	1	0.0	1546
NZ_JBRDZN010000002.1	gb|HE981194.1|+|0-861|ARO:3001347|SHV-164	99.071	861	8	0	41613	42473	1	861	0.0	1546
NZ_JBRDZN010000002.1	gb|HQ661363.1|+|71-932|ARO:3001181|SHV-137	99.071	861	8	0	41613	42473	1	861	0.0	1546
NZ_JBRDZN010000002.1	gb|AY853593.1|+|214-1075|ARO:3001002|TEM-138	99.071	861	8	0	71758	72618	861	1	0.0	1546
NZ_JBRDZN010000002.1	gb|AF190693.1|+|208-1069|ARO:3000944|TEM-78	99.071	861	8	0	71758	72618	861	1	0.0	1546
NZ_JBRDZN010000002.1	gb|X65254.1|+|175-1036|ARO:3000887|TEM-16	99.071	861	8	0	71758	72618	861	1	0.0	1546
NZ_JBRDZN010000002.1	gb|AF132290.1|+|87-948|ARO:3001076|SHV-18	99.071	861	8	0	41613	42473	1	861	0.0	1546
NZ_JBRDZN010000002.1	gb|JN051143.1|+|0-861|ARO:3001182|SHV-140	99.069	859	8	0	41615	42473	3	861	0.0	1543
NZ_JBRDZN010000002.1	gb|AY327540.1|+|0-858|ARO:3000986|TEM-124	99.071	861	5	1	71758	72618	858	1	0.0	1543
NZ_JBRDZN010000002.1	gb|HM751103.1|+|0-864|ARO:3001169|SHV-122	98.958	864	6	3	41613	42473	1	864	0.0	1543
NZ_JBRDZN010000002.1	gb|NG_056168.1|+|0-861|ARO:3000881|TEM-9	98.955	861	9	0	71758	72618	861	1	0.0	1541
NZ_JBRDZN010000002.1	gb|NG_062284.1|+|0-861|ARO:3005212|SHV-212	98.955	861	9	0	41613	42473	1	861	0.0	1541
NZ_JBRDZN010000002.1	gb|NG_055284.1|+|0-861|ARO:3005209|SHV-198	98.955	861	9	0	41613	42473	1	861	0.0	1541
NZ_JBRDZN010000002.1	gb|LK391770.1|+|19707-20568|ARO:3000876|TEM-4	98.955	861	9	0	71758	72618	861	1	0.0	1541
NZ_JBRDZN010000002.1	gb|X65252.1|+|175-1036|ARO:3000880|TEM-8	98.955	861	9	0	71758	72618	861	1	0.0	1541
NZ_JBRDZN010000002.1	gb|Y10280.1|+|0-861|ARO:3000917|TEM-48	98.955	861	9	0	71758	72618	861	1	0.0	1541
NZ_JBRDZN010000002.1	gb|FR848831.1|+|0-861|ARO:3001375|TEM-184	98.955	861	9	0	71758	72618	861	1	0.0	1541
NZ_JBRDZN010000002.1	gb|AJ866988.1|+|0-861|ARO:3000994|TEM-130	98.955	861	9	0	71758	72618	861	1	0.0	1541
NZ_JBRDZN010000002.1	gb|AY289548.1|+|0-861|ARO:3001108|SHV-51	98.955	861	9	0	41613	42473	1	861	0.0	1541
NZ_JBRDZN010000002.1	gb|AJ277414.1|+|0-861|ARO:3000952|TEM-85	98.955	861	9	0	71758	72618	861	1	0.0	1541
NZ_JBRDZN010000002.1	gb|DQ369751.1|+|0-861|ARO:3001016|TEM-149	98.955	861	9	0	71758	72618	861	1	0.0	1541
NZ_JBRDZN010000002.1	gb|AY589495.1|+|181-1042|ARO:3000977|TEM-114	98.955	861	9	0	71758	72618	861	1	0.0	1541
NZ_JBRDZN010000002.1	gb|AY574271.1|+|0-861|ARO:3000998|TEM-134	98.955	861	9	0	71758	72618	861	1	0.0	1541
NZ_JBRDZN010000002.1	gb|JX870080.1|+|0-861|ARO:3001352|SHV-168	98.955	861	9	0	41613	42473	1	861	0.0	1541
NZ_JBRDZN010000002.1	gb|DQ834728.1|+|205-1066|ARO:3001019|TEM-152	98.955	861	9	0	71758	72618	861	1	0.0	1541
NZ_JBRDZN010000002.1	gb|AF332513.1|+|103-964|ARO:3000931|TEM-63	98.955	861	9	0	71758	72618	861	1	0.0	1541
NZ_JBRDZN010000002.1	gb|DQ388882.1|+|0-861|ARO:3001005|TEM-142	98.955	861	9	0	71758	72618	861	1	0.0	1541
NZ_JBRDZN010000002.1	gb|AM176547.2|+|30-891|ARO:3001126|SHV-72	98.955	861	9	0	41613	42473	1	861	0.0	1541
NZ_JBRDZN010000002.1	gb|DQ834729.1|+|205-1066|ARO:3001018|TEM-151	98.955	861	9	0	71758	72618	861	1	0.0	1541
NZ_JBRDZN010000002.1	gb|DAGOBI010000132.1|+|1383-2244|ARO:3001065|SHV-6	98.955	861	9	0	41613	42473	1	861	0.0	1541
NZ_JBRDZN010000002.1	gb|JX121129.1|+|0-858|ARO:3001201|SHV-162	99.068	858	8	0	41613	42470	1	858	0.0	1541
NZ_JBRDZN010000002.1	gb|AF143804.1|+|0-861|ARO:3000959|TEM-92	98.955	861	9	0	71758	72618	861	1	0.0	1541
NZ_JBRDZN010000002.1	gb|DQ836922.1|+|0-861|ARO:3001144|SHV-92	98.955	861	9	0	41613	42473	1	861	0.0	1541
NZ_JBRDZN010000002.1	gb|AF157553.1|+|147-1008|ARO:3000938|TEM-72	98.955	861	9	0	71758	72618	861	1	0.0	1541
NZ_JBRDZN010000002.1	gb|AY436361.1|+|131-992|ARO:3000995|TEM-131	98.839	861	10	0	71758	72618	861	1	0.0	1537
NZ_JBRDZN010000002.1	gb|NG_050056.1|+|0-861|ARO:3003590|SHV-190	98.839	861	10	0	41613	42473	1	861	0.0	1535
NZ_JBRDZN010000002.1	gb|NG_068212.1|+|100-961|ARO:3001355|SHV-171	98.839	861	10	0	41613	42473	1	861	0.0	1535
NZ_JBRDZN010000002.1	gb|NG_050254.1|+|0-861|ARO:3005255|TEM-224	98.839	861	10	0	71758	72618	861	1	0.0	1535
NZ_JBRDZN010000002.1	gb|NG_062294.1|+|0-861|ARO:3005208|SHV-222	98.839	861	10	0	41613	42473	1	861	0.0	1535
NZ_JBRDZN010000002.1	gb|NG_062276.1|+|0-861|ARO:3005207|SHV-205	98.839	861	10	0	41613	42473	1	861	0.0	1535
NZ_JBRDZN010000004.1	gb|AF534183.1|+|2970-4245|ARO:3000165|tet(A)	100.000	1247	0	0	22877	24123	1247	1	0.0	2303
NZ_JBRDZN010000004.1	gb|EU159120.1|+|0-858|ARO:3004826|LAP-2	100.000	858	0	0	17616	18473	858	1	0.0	1585
NZ_JBRDZN010000004.1	gb|EF026092.1|+|0-858|ARO:3004825|LAP-1	99.883	858	1	0	17616	18473	858	1	0.0	1580
NZ_JBRDZN010000004.1	gb|AY055428.1|-|20268-21084|ARO:3000412|sul2	100.000	816	0	0	29545	30360	816	1	0.0	1507
NZ_JBRDZN010000004.1	gb|DQ485529.1|+|0-657|ARO:3002790|QnrS1	100.000	657	0	0	15363	16019	657	1	0.0	1214
NZ_JBRDZN010000004.1	gb|MK303617.1|+|0-657|ARO:3004627|QnrS15	99.848	657	1	0	15363	16019	657	1	0.0	1208
NZ_JBRDZN010000004.1	gb|JQ269335.1|-|33232-33889|ARO:3004624|QnrS11	99.848	657	1	0	15363	16019	657	1	0.0	1208
NZ_JBRDZN010000004.1	gb|KF730651.1|+|0-657|ARO:3002796|QnrS7	99.848	657	1	0	15363	16019	657	1	0.0	1208
NZ_JBRDZN010000004.1	gb|KF732714.1|+|0-657|ARO:3002798|QnrS9	99.848	657	1	0	15363	16019	657	1	0.0	1208
NZ_JBRDZN010000004.1	gb|FJ418153.1|+|0-657|ARO:3002793|QnrS4	99.848	657	1	0	15363	16019	657	1	0.0	1208
NZ_JBRDZN010000004.1	gb|KF730652.1|+|0-657|ARO:3002797|QnrS8	99.848	657	1	0	15363	16019	657	1	0.0	1208
NZ_JBRDZN010000004.1	gb|MKQI01000097.1|+|776-1433|ARO:3004625|QnrS12	99.696	657	2	0	15363	16019	657	1	0.0	1203
NZ_JBRDZN010000004.1	gb|JN836269.1|+|0-657|ARO:3004622|QnrS10	99.696	657	2	0	15363	16019	657	1	0.0	1203
NZ_JBRDZN010000004.1	gb|EU077611.1|+|2-656|ARO:3002792|QnrS3	99.847	654	1	0	15363	16016	654	1	0.0	1203
NZ_JBRDZN010000004.1	gb|HQ631377.1|+|0-657|ARO:3002794|QnrS5	96.189	656	25	0	15364	16019	656	1	0.0	1074
NZ_JBRDZN010000004.1	gb|DQ485530.1|+|0-657|ARO:3002791|QnrS2	90.259	657	62	2	15364	16019	656	1	0.0	857
NZ_JBRDZN010000004.1	gb|HQ631376.1|+|0-657|ARO:3002795|QnrS6	90.107	657	63	2	15364	16019	656	1	0.0	852
NZ_JBRDZN010000005.1	gb|AF024602.1|+|3155-3992|ARO:3002660|APH(6)-Id	99.761	837	2	0	54246	55082	1	837	0.0	1535
NZ_JBRDZN010000005.1	gb|AY055428.1|-|20268-21084|ARO:3000412|sul2	100.000	816	0	0	52567	53382	1	816	0.0	1507
NZ_JBRDZN010000005.1	gb|AF313472.2|+|15593-16397|ARO:3002639|APH(3'')-Ib	99.627	804	3	0	53443	54246	1	804	0.0	1469
NZ_JBRDZN010000005.1	gb|DQ485529.1|+|0-657|ARO:3002790|QnrS1	100.000	657	0	0	59249	59905	657	1	0.0	1214
NZ_JBRDZN010000005.1	gb|DQ485529.1|+|0-657|ARO:3002790|QnrS1	100.000	657	0	0	853	1509	657	1	0.0	1214
NZ_JBRDZN010000005.1	gb|MK303617.1|+|0-657|ARO:3004627|QnrS15	99.848	657	1	0	59249	59905	657	1	0.0	1208
NZ_JBRDZN010000005.1	gb|MK303617.1|+|0-657|ARO:3004627|QnrS15	99.848	657	1	0	853	1509	657	1	0.0	1208
NZ_JBRDZN010000005.1	gb|JQ269335.1|-|33232-33889|ARO:3004624|QnrS11	99.848	657	1	0	59249	59905	657	1	0.0	1208
NZ_JBRDZN010000005.1	gb|JQ269335.1|-|33232-33889|ARO:3004624|QnrS11	99.848	657	1	0	853	1509	657	1	0.0	1208
NZ_JBRDZN010000005.1	gb|KF730651.1|+|0-657|ARO:3002796|QnrS7	99.848	657	1	0	59249	59905	657	1	0.0	1208
NZ_JBRDZN010000005.1	gb|KF730651.1|+|0-657|ARO:3002796|QnrS7	99.848	657	1	0	853	1509	657	1	0.0	1208
NZ_JBRDZN010000005.1	gb|KF732714.1|+|0-657|ARO:3002798|QnrS9	99.848	657	1	0	59249	59905	657	1	0.0	1208
NZ_JBRDZN010000005.1	gb|KF732714.1|+|0-657|ARO:3002798|QnrS9	99.848	657	1	0	853	1509	657	1	0.0	1208
NZ_JBRDZN010000005.1	gb|FJ418153.1|+|0-657|ARO:3002793|QnrS4	99.848	657	1	0	59249	59905	657	1	0.0	1208
NZ_JBRDZN010000005.1	gb|FJ418153.1|+|0-657|ARO:3002793|QnrS4	99.848	657	1	0	853	1509	657	1	0.0	1208
NZ_JBRDZN010000005.1	gb|KF730652.1|+|0-657|ARO:3002797|QnrS8	99.848	657	1	0	59249	59905	657	1	0.0	1208
NZ_JBRDZN010000005.1	gb|KF730652.1|+|0-657|ARO:3002797|QnrS8	99.848	657	1	0	853	1509	657	1	0.0	1208
NZ_JBRDZN010000005.1	gb|MKQI01000097.1|+|776-1433|ARO:3004625|QnrS12	99.696	657	2	0	59249	59905	657	1	0.0	1203
NZ_JBRDZN010000005.1	gb|MKQI01000097.1|+|776-1433|ARO:3004625|QnrS12	99.696	657	2	0	853	1509	657	1	0.0	1203
NZ_JBRDZN010000005.1	gb|JN836269.1|+|0-657|ARO:3004622|QnrS10	99.696	657	2	0	59249	59905	657	1	0.0	1203
NZ_JBRDZN010000005.1	gb|JN836269.1|+|0-657|ARO:3004622|QnrS10	99.696	657	2	0	853	1509	657	1	0.0	1203
NZ_JBRDZN010000005.1	gb|EU077611.1|+|2-656|ARO:3002792|QnrS3	99.847	654	1	0	59249	59902	654	1	0.0	1203
NZ_JBRDZN010000005.1	gb|EU077611.1|+|2-656|ARO:3002792|QnrS3	99.847	654	1	0	853	1506	654	1	0.0	1203
NZ_JBRDZN010000005.1	gb|HQ631377.1|+|0-657|ARO:3002794|QnrS5	96.189	656	25	0	59250	59905	656	1	0.0	1074
NZ_JBRDZN010000005.1	gb|HQ631377.1|+|0-657|ARO:3002794|QnrS5	96.189	656	25	0	854	1509	656	1	0.0	1074
NZ_JBRDZN010000005.1	gb|KF921535.1|+|617-1091|ARO:3002859|dfrA14	100.000	474	0	0	22354	22827	474	1	0.0	876
NZ_JBRDZN010000005.1	gb|DQ485530.1|+|0-657|ARO:3002791|QnrS2	90.259	657	62	2	59250	59905	656	1	0.0	857
NZ_JBRDZN010000005.1	gb|DQ485530.1|+|0-657|ARO:3002791|QnrS2	90.259	657	62	2	854	1509	656	1	0.0	857
NZ_JBRDZN010000005.1	gb|HQ631376.1|+|0-657|ARO:3002795|QnrS6	90.107	657	63	2	59250	59905	656	1	0.0	852
NZ_JBRDZN010000005.1	gb|HQ631376.1|+|0-657|ARO:3002795|QnrS6	90.107	657	63	2	854	1509	656	1	0.0	852
NZ_JBRDZN010000005.1	gb|DQ278190.1|+|0-474|ARO:3002861|dfrA5	89.218	473	51	0	22354	22826	474	2	1.90e-167	592
NZ_JBRDZN010000005.1	gb|AM997279.2|+|704-1178|ARO:3004552|dfrA30	88.372	473	55	0	22354	22826	474	2	8.89e-161	569
NZ_JBRDZN010000005.1	gb|KR091911.1|-|74564-75350|ARO:3002578|AAC(6')-Ib7	100.000	210	0	0	22844	23053	210	1	2.67e-106	388
